case_id,actual,spark_actual,spark_prediction,python_prediction,spark_value,python_value,spark_probability,python_probability,absolute_difference,match,agreement_status,disagreement_explanation
T2607081586,0.0,0.0,0.0,0.0,,,0.185177,0.283898,,True,BothCorrect,Pipelines agree.
T2607094878,0.0,0.0,0.0,0.0,,,0.021707,0.067114,,True,BothCorrect,Pipelines agree.
T2608002215,0.0,0.0,0.0,0.0,,,0.039719,0.014965,,True,BothCorrect,Pipelines agree.
T2607070161,1.0,1.0,1.0,0.0,,,0.807176,0.490309,,False,SparkOnlyCorrect,"actual 1.0: Spark 1.0, Python 0.0"
T2607158838,0.0,0.0,0.0,0.0,,,0.127841,0.061789,,True,BothCorrect,Pipelines agree.
T2607145569,0.0,0.0,0.0,0.0,,,0.023085,0.021704,,True,BothCorrect,Pipelines agree.
T2607078777,1.0,1.0,1.0,0.0,,,0.538085,0.689443,,False,SparkOnlyCorrect,"actual 1.0: Spark 1.0, Python 0.0"
T2608079042,0.0,0.0,0.0,0.0,,,0.021264,0.000434,,True,BothCorrect,Pipelines agree.
T2608076631,0.0,0.0,0.0,0.0,,,0.027421,0.060208,,True,BothCorrect,Pipelines agree.
T2608049181,0.0,0.0,0.0,0.0,,,0.226699,0.262581,,True,BothCorrect,Pipelines agree.
T2607095091,0.0,0.0,0.0,0.0,,,0.037899,0.292107,,True,BothCorrect,Pipelines agree.
T2608121958,0.0,0.0,0.0,0.0,,,0.152871,0.009684,,True,BothCorrect,Pipelines agree.
T2608062961,0.0,0.0,0.0,0.0,,,0.029526,0.006784,,True,BothCorrect,Pipelines agree.
T2607127955,0.0,0.0,1.0,1.0,,,0.827198,0.976303,,True,BothWrong,Pipelines agree.
T2608118719,0.0,0.0,0.0,0.0,,,0.023227,0.023187,,True,BothCorrect,Pipelines agree.
T2608101943,0.0,0.0,1.0,0.0,,,0.778245,0.289597,,False,PyOnlyCorrect,"actual 0.0: Spark 1.0, Python 0.0"
T2608074204,0.0,0.0,0.0,0.0,,,0.018051,0.001215,,True,BothCorrect,Pipelines agree.
T2608061544,0.0,0.0,0.0,0.0,,,0.026027,0.455201,,True,BothCorrect,Pipelines agree.
T2608015337,0.0,0.0,1.0,0.0,,,0.639849,0.101404,,False,PyOnlyCorrect,"actual 0.0: Spark 1.0, Python 0.0"
T2607087936,0.0,0.0,0.0,0.0,,,0.173865,0.203604,,True,BothCorrect,Pipelines agree.
T2608047508,0.0,0.0,0.0,0.0,,,0.064289,0.596598,,True,BothCorrect,Pipelines agree.
T2607153854,0.0,0.0,0.0,0.0,,,0.220825,0.602337,,True,BothCorrect,Pipelines agree.
T2608074812,0.0,0.0,0.0,0.0,,,0.023085,0.000261,,True,BothCorrect,Pipelines agree.
T2608118441,0.0,0.0,0.0,0.0,,,0.045216,0.004048,,True,BothCorrect,Pipelines agree.
T2608115151,0.0,0.0,0.0,0.0,,,0.02356,0.000546,,True,BothCorrect,Pipelines agree.
T2607099305,0.0,0.0,0.0,0.0,,,0.021368,0.003731,,True,BothCorrect,Pipelines agree.
T2608076062,0.0,0.0,0.0,0.0,,,0.024347,0.399455,,True,BothCorrect,Pipelines agree.
T2608092213,0.0,0.0,0.0,0.0,,,0.02356,0.010071,,True,BothCorrect,Pipelines agree.
T2608138308,0.0,0.0,1.0,0.0,,,0.921766,0.674402,,False,PyOnlyCorrect,"actual 0.0: Spark 1.0, Python 0.0"
T2608109231,0.0,0.0,0.0,0.0,,,0.42851,0.455548,,True,BothCorrect,Pipelines agree.
T2607121855,1.0,1.0,1.0,1.0,,,0.91129,0.970077,,True,BothCorrect,Pipelines agree.
T2608144211,0.0,0.0,0.0,0.0,,,0.303595,0.350505,,True,BothCorrect,Pipelines agree.
T2607043079,0.0,0.0,0.0,0.0,,,0.031589,0.000853,,True,BothCorrect,Pipelines agree.
T2607144402,0.0,0.0,0.0,0.0,,,0.025326,0.000788,,True,BothCorrect,Pipelines agree.
T2608080048,0.0,0.0,0.0,0.0,,,0.017695,0.000586,,True,BothCorrect,Pipelines agree.
T2607079804,0.0,0.0,0.0,0.0,,,0.161767,0.671334,,True,BothCorrect,Pipelines agree.
T2608002597,0.0,0.0,0.0,0.0,,,0.053907,0.038248,,True,BothCorrect,Pipelines agree.
T2608001570,0.0,0.0,0.0,0.0,,,0.298021,0.502391,,True,BothCorrect,Pipelines agree.
T2607067712,0.0,0.0,0.0,0.0,,,0.072601,0.034263,,True,BothCorrect,Pipelines agree.
T2607068907,0.0,0.0,0.0,0.0,,,0.021368,4.1e-05,,True,BothCorrect,Pipelines agree.
T2608140148,0.0,0.0,0.0,0.0,,,0.134895,0.188984,,True,BothCorrect,Pipelines agree.
T2607089055,0.0,0.0,1.0,0.0,,,0.759308,0.547542,,False,PyOnlyCorrect,"actual 0.0: Spark 1.0, Python 0.0"
T2608096966,0.0,0.0,1.0,1.0,,,0.929916,0.956834,,True,BothWrong,Pipelines agree.
T2608094002,0.0,0.0,0.0,0.0,,,0.021342,0.00057,,True,BothCorrect,Pipelines agree.
T2607155760,0.0,0.0,0.0,0.0,,,0.02552,0.000423,,True,BothCorrect,Pipelines agree.
T2608070160,0.0,0.0,1.0,1.0,,,0.803161,0.737898,,True,BothWrong,Pipelines agree.
T2607113801,0.0,0.0,1.0,1.0,,,0.570462,0.86138,,True,BothWrong,Pipelines agree.
T2608127202,1.0,1.0,1.0,1.0,,,0.915848,0.977335,,True,BothCorrect,Pipelines agree.
T2607150776,0.0,0.0,0.0,0.0,,,0.02133,0.001656,,True,BothCorrect,Pipelines agree.
T2608150157,0.0,0.0,0.0,0.0,,,0.07862,0.00293,,True,BothCorrect,Pipelines agree.
T2608035594,0.0,0.0,0.0,0.0,,,0.371145,0.014026,,True,BothCorrect,Pipelines agree.
T2608137329,0.0,0.0,0.0,0.0,,,0.022481,0.001096,,True,BothCorrect,Pipelines agree.
T2607121062,1.0,1.0,0.0,0.0,,,0.244753,0.302969,,True,BothWrong,Pipelines agree.
T2608124396,0.0,0.0,1.0,0.0,,,0.807369,0.643452,,False,PyOnlyCorrect,"actual 0.0: Spark 1.0, Python 0.0"
T2607144454,0.0,0.0,0.0,0.0,,,0.094835,0.369139,,True,BothCorrect,Pipelines agree.
T2608132720,0.0,0.0,0.0,0.0,,,0.076365,0.105043,,True,BothCorrect,Pipelines agree.
T2608154137,0.0,0.0,0.0,0.0,,,0.019789,6.7e-05,,True,BothCorrect,Pipelines agree.
T2608105510,0.0,0.0,0.0,0.0,,,0.021368,0.000707,,True,BothCorrect,Pipelines agree.
T2607148226,0.0,0.0,0.0,0.0,,,0.267475,0.441463,,True,BothCorrect,Pipelines agree.
T2608127597,1.0,1.0,1.0,1.0,,,0.899229,0.989836,,True,BothCorrect,Pipelines agree.
T2607059443,0.0,0.0,0.0,0.0,,,0.021832,0.004717,,True,BothCorrect,Pipelines agree.
T2607043354,0.0,0.0,0.0,0.0,,,0.015359,0.002128,,True,BothCorrect,Pipelines agree.
T2607051371,0.0,0.0,1.0,0.0,,,0.814106,0.037305,,False,PyOnlyCorrect,"actual 0.0: Spark 1.0, Python 0.0"
T2607086121,0.0,0.0,0.0,0.0,,,0.260858,0.006501,,True,BothCorrect,Pipelines agree.
T2607044834,0.0,0.0,0.0,0.0,,,0.031387,0.051157,,True,BothCorrect,Pipelines agree.
T2608090915,0.0,0.0,0.0,0.0,,,0.131636,0.030449,,True,BothCorrect,Pipelines agree.
T2608025591,0.0,0.0,0.0,0.0,,,0.015897,0.001477,,True,BothCorrect,Pipelines agree.
T2608108406,0.0,0.0,0.0,0.0,,,0.023731,0.001365,,True,BothCorrect,Pipelines agree.
T2607058428,0.0,0.0,1.0,0.0,,,0.878189,0.616013,,False,PyOnlyCorrect,"actual 0.0: Spark 1.0, Python 0.0"
T2608109879,0.0,0.0,0.0,0.0,,,0.021771,0.005403,,True,BothCorrect,Pipelines agree.
T2607152368,0.0,0.0,1.0,1.0,,,0.679279,0.822193,,True,BothWrong,Pipelines agree.
T2607144327,0.0,0.0,0.0,0.0,,,0.045783,0.294814,,True,BothCorrect,Pipelines agree.
T2607161672,1.0,1.0,0.0,0.0,,,0.390551,0.445656,,True,BothWrong,Pipelines agree.
T2607137868,0.0,0.0,0.0,0.0,,,0.111423,0.011994,,True,BothCorrect,Pipelines agree.
T2608160362,0.0,0.0,0.0,0.0,,,0.071836,0.055579,,True,BothCorrect,Pipelines agree.
T2608090061,0.0,0.0,0.0,0.0,,,0.156363,0.071767,,True,BothCorrect,Pipelines agree.
T2607050743,0.0,0.0,0.0,0.0,,,0.021305,0.012573,,True,BothCorrect,Pipelines agree.
T2608010714,1.0,1.0,1.0,1.0,,,0.587496,0.929432,,True,BothCorrect,Pipelines agree.
T2608161711,0.0,0.0,0.0,0.0,,,0.039551,0.508647,,True,BothCorrect,Pipelines agree.
T2608012124,0.0,0.0,0.0,0.0,,,0.219186,0.065205,,True,BothCorrect,Pipelines agree.
T2608133961,0.0,0.0,0.0,0.0,,,0.051655,0.102911,,True,BothCorrect,Pipelines agree.
T2607126644,0.0,0.0,0.0,0.0,,,0.02133,0.000366,,True,BothCorrect,Pipelines agree.
T2608020649,0.0,0.0,0.0,0.0,,,0.021305,0.004131,,True,BothCorrect,Pipelines agree.
T2608112346,0.0,0.0,0.0,0.0,,,0.071244,0.002826,,True,BothCorrect,Pipelines agree.
T2608039366,0.0,0.0,0.0,0.0,,,0.072618,0.036577,,True,BothCorrect,Pipelines agree.
T2607131868,0.0,0.0,0.0,0.0,,,0.021707,0.000355,,True,BothCorrect,Pipelines agree.
T2608071658,0.0,0.0,0.0,0.0,,,0.023583,0.012469,,True,BothCorrect,Pipelines agree.
T2608161693,1.0,1.0,1.0,1.0,,,0.877504,0.923661,,True,BothCorrect,Pipelines agree.
T2607085675,0.0,0.0,0.0,0.0,,,0.138101,0.025442,,True,BothCorrect,Pipelines agree.
T2608160111,0.0,0.0,0.0,0.0,,,0.147992,0.053017,,True,BothCorrect,Pipelines agree.
T2608036599,0.0,0.0,0.0,0.0,,,0.119818,0.11237,,True,BothCorrect,Pipelines agree.
T2607157795,0.0,0.0,0.0,0.0,,,0.039627,0.073341,,True,BothCorrect,Pipelines agree.
T2608119964,0.0,0.0,0.0,0.0,,,0.083413,0.03184,,True,BothCorrect,Pipelines agree.
T2608006559,0.0,0.0,0.0,0.0,,,0.02133,0.004142,,True,BothCorrect,Pipelines agree.
T2607153335,0.0,0.0,0.0,0.0,,,0.025397,0.019126,,True,BothCorrect,Pipelines agree.
T2608097739,0.0,0.0,0.0,0.0,,,0.079065,0.677222,,True,BothCorrect,Pipelines agree.
T2608087791,0.0,0.0,1.0,0.0,,,0.844126,0.143146,,False,PyOnlyCorrect,"actual 0.0: Spark 1.0, Python 0.0"
T2607145717,0.0,0.0,0.0,1.0,,,0.085942,0.797585,,False,SparkOnlyCorrect,"actual 0.0: Spark 0.0, Python 1.0"
T2607161548,0.0,0.0,0.0,0.0,,,0.021368,0.000112,,True,BothCorrect,Pipelines agree.
T2607116624,0.0,0.0,1.0,1.0,,,0.923579,0.859446,,True,BothWrong,Pipelines agree.
T2607082374,0.0,0.0,0.0,0.0,,,0.056674,0.071256,,True,BothCorrect,Pipelines agree.
T2608161888,0.0,0.0,0.0,0.0,,,0.226689,0.05853,,True,BothCorrect,Pipelines agree.
T2608004427,0.0,0.0,0.0,0.0,,,0.069642,0.020946,,True,BothCorrect,Pipelines agree.
T2608089718,0.0,0.0,0.0,0.0,,,0.358837,0.084572,,True,BothCorrect,Pipelines agree.
T2608067547,0.0,0.0,0.0,1.0,,,0.480032,0.928879,,False,SparkOnlyCorrect,"actual 0.0: Spark 0.0, Python 1.0"
T2607140300,0.0,0.0,1.0,1.0,,,0.740953,0.965197,,True,BothWrong,Pipelines agree.
T2608014653,0.0,0.0,0.0,0.0,,,0.028677,0.026795,,True,BothCorrect,Pipelines agree.
T2608059204,1.0,1.0,1.0,1.0,,,0.845651,0.928388,,True,BothCorrect,Pipelines agree.
T2607073734,0.0,0.0,1.0,0.0,,,0.544772,0.121858,,False,PyOnlyCorrect,"actual 0.0: Spark 1.0, Python 0.0"
T2607159128,0.0,0.0,0.0,0.0,,,0.02133,0.001291,,True,BothCorrect,Pipelines agree.
T2607056347,0.0,0.0,0.0,0.0,,,0.035496,0.004831,,True,BothCorrect,Pipelines agree.
T2608040179,0.0,0.0,0.0,0.0,,,0.021342,0.006318,,True,BothCorrect,Pipelines agree.
T2608073675,0.0,0.0,0.0,1.0,,,0.198714,0.924383,,False,SparkOnlyCorrect,"actual 0.0: Spark 0.0, Python 1.0"
T2608032528,0.0,0.0,0.0,0.0,,,0.491129,0.044777,,True,BothCorrect,Pipelines agree.
T2608129843,0.0,0.0,0.0,0.0,,,0.021855,0.016649,,True,BothCorrect,Pipelines agree.
T2608109657,0.0,0.0,0.0,0.0,,,0.067281,0.263291,,True,BothCorrect,Pipelines agree.
T2607134235,0.0,0.0,0.0,0.0,,,0.156409,0.007766,,True,BothCorrect,Pipelines agree.
T2608102271,0.0,0.0,0.0,0.0,,,0.187143,0.042689,,True,BothCorrect,Pipelines agree.
T2608044973,0.0,0.0,1.0,0.0,,,0.785645,0.527604,,False,PyOnlyCorrect,"actual 0.0: Spark 1.0, Python 0.0"
T2608021127,0.0,0.0,0.0,0.0,,,0.139481,0.235506,,True,BothCorrect,Pipelines agree.
T2608044629,0.0,0.0,1.0,1.0,,,0.612795,0.809552,,True,BothWrong,Pipelines agree.
T2607110550,1.0,1.0,1.0,1.0,,,0.888331,0.90504,,True,BothCorrect,Pipelines agree.
T2607069402,0.0,0.0,0.0,0.0,,,0.032201,0.001479,,True,BothCorrect,Pipelines agree.
T2607132746,0.0,0.0,1.0,1.0,,,0.905634,0.863609,,True,BothWrong,Pipelines agree.
T2608116281,0.0,0.0,0.0,0.0,,,0.025766,0.000688,,True,BothCorrect,Pipelines agree.
T2608100428,0.0,0.0,0.0,0.0,,,0.057374,0.022881,,True,BothCorrect,Pipelines agree.
T2608038856,0.0,0.0,0.0,0.0,,,0.032636,0.00205,,True,BothCorrect,Pipelines agree.
T2608135798,1.0,1.0,1.0,1.0,,,0.933168,0.985057,,True,BothCorrect,Pipelines agree.
T2608070109,0.0,0.0,0.0,0.0,,,0.130148,0.004478,,True,BothCorrect,Pipelines agree.
T2607167596,0.0,0.0,0.0,0.0,,,0.026837,0.000198,,True,BothCorrect,Pipelines agree.
T2608031761,0.0,0.0,1.0,1.0,,,0.686628,0.86662,,True,BothWrong,Pipelines agree.
T2608016897,0.0,0.0,0.0,0.0,,,0.021707,0.000492,,True,BothCorrect,Pipelines agree.
T2607039306,0.0,0.0,0.0,0.0,,,0.242123,0.125703,,True,BothCorrect,Pipelines agree.
T2608018006,0.0,0.0,0.0,0.0,,,0.02393,0.051909,,True,BothCorrect,Pipelines agree.
T2607043005,0.0,0.0,0.0,0.0,,,0.021342,0.000363,,True,BothCorrect,Pipelines agree.
T2608056562,0.0,0.0,0.0,0.0,,,0.335414,0.061697,,True,BothCorrect,Pipelines agree.
T2608066664,0.0,0.0,0.0,0.0,,,0.021233,0.00278,,True,BothCorrect,Pipelines agree.
T2608148660,0.0,0.0,0.0,0.0,,,0.021368,0.001048,,True,BothCorrect,Pipelines agree.
T2608065000,0.0,0.0,1.0,0.0,,,0.679842,0.406681,,False,PyOnlyCorrect,"actual 0.0: Spark 1.0, Python 0.0"
T2608091778,0.0,0.0,0.0,0.0,,,0.021368,0.041716,,True,BothCorrect,Pipelines agree.
T2607161557,0.0,0.0,0.0,0.0,,,0.021368,0.001336,,True,BothCorrect,Pipelines agree.
T2607056929,0.0,0.0,0.0,0.0,,,0.024819,0.018878,,True,BothCorrect,Pipelines agree.
T2608087776,0.0,0.0,0.0,0.0,,,0.200737,0.178845,,True,BothCorrect,Pipelines agree.
T2607051844,0.0,0.0,0.0,0.0,,,0.460419,0.050386,,True,BothCorrect,Pipelines agree.
T2607107837,0.0,0.0,0.0,0.0,,,0.447879,0.447557,,True,BothCorrect,Pipelines agree.
T2608073074,1.0,1.0,0.0,0.0,,,0.344467,0.477333,,True,BothWrong,Pipelines agree.
T2607159879,0.0,0.0,0.0,0.0,,,0.116663,0.105812,,True,BothCorrect,Pipelines agree.
T2608147246,0.0,0.0,0.0,0.0,,,0.021342,0.089831,,True,BothCorrect,Pipelines agree.
T2608135090,1.0,1.0,1.0,0.0,,,0.830916,0.534568,,False,SparkOnlyCorrect,"actual 1.0: Spark 1.0, Python 0.0"
T2607150478,0.0,0.0,0.0,0.0,,,0.051035,0.00082,,True,BothCorrect,Pipelines agree.
T2607146747,0.0,0.0,1.0,0.0,,,0.611849,0.162064,,False,PyOnlyCorrect,"actual 0.0: Spark 1.0, Python 0.0"
T2608124140,0.0,0.0,0.0,0.0,,,0.038976,0.094085,,True,BothCorrect,Pipelines agree.
T2608147576,0.0,0.0,0.0,0.0,,,0.040206,0.030832,,True,BothCorrect,Pipelines agree.
T2608157084,0.0,0.0,0.0,0.0,,,0.021342,0.000542,,True,BothCorrect,Pipelines agree.
T2607054037,0.0,0.0,0.0,0.0,,,0.150239,0.037835,,True,BothCorrect,Pipelines agree.
T2607067733,0.0,0.0,0.0,0.0,,,0.061411,0.016834,,True,BothCorrect,Pipelines agree.
T2607138937,0.0,0.0,0.0,0.0,,,0.043829,0.000251,,True,BothCorrect,Pipelines agree.
T2608163427,0.0,0.0,0.0,0.0,,,0.071345,0.598042,,True,BothCorrect,Pipelines agree.
T2608035744,1.0,1.0,1.0,1.0,,,0.782246,0.983192,,True,BothCorrect,Pipelines agree.
T2608050040,1.0,1.0,1.0,1.0,,,0.953479,0.934629,,True,BothCorrect,Pipelines agree.
T2607098860,0.0,0.0,0.0,0.0,,,0.02133,0.000827,,True,BothCorrect,Pipelines agree.
T2607141710,0.0,0.0,0.0,0.0,,,0.021305,0.00427,,True,BothCorrect,Pipelines agree.
T2608048569,0.0,0.0,0.0,0.0,,,0.021305,0.002467,,True,BothCorrect,Pipelines agree.
T2608083665,0.0,0.0,0.0,0.0,,,0.034242,0.045409,,True,BothCorrect,Pipelines agree.
T2608130572,0.0,0.0,0.0,0.0,,,0.021745,0.139178,,True,BothCorrect,Pipelines agree.
T2607102775,0.0,0.0,0.0,0.0,,,0.091149,0.008819,,True,BothCorrect,Pipelines agree.
T2608079578,0.0,0.0,0.0,0.0,,,0.043993,0.001299,,True,BothCorrect,Pipelines agree.
T2608158589,1.0,1.0,1.0,1.0,,,0.932949,0.946705,,True,BothCorrect,Pipelines agree.
T2608117840,0.0,0.0,0.0,0.0,,,0.097081,0.143368,,True,BothCorrect,Pipelines agree.
T2607056307,0.0,0.0,0.0,0.0,,,0.041769,0.001078,,True,BothCorrect,Pipelines agree.
T2608102866,0.0,0.0,0.0,0.0,,,0.028828,0.002269,,True,BothCorrect,Pipelines agree.
T2607072232,0.0,0.0,0.0,0.0,,,0.028828,0.002833,,True,BothCorrect,Pipelines agree.
T2608035705,0.0,0.0,0.0,0.0,,,0.072063,0.020335,,True,BothCorrect,Pipelines agree.
T2608116162,0.0,0.0,0.0,0.0,,,0.013537,0.022163,,True,BothCorrect,Pipelines agree.
T2608143334,0.0,0.0,0.0,0.0,,,0.022559,0.000824,,True,BothCorrect,Pipelines agree.
T2607053991,0.0,0.0,0.0,0.0,,,0.022906,0.09402,,True,BothCorrect,Pipelines agree.
T2608131953,0.0,0.0,0.0,0.0,,,0.04658,0.005152,,True,BothCorrect,Pipelines agree.
T2608041365,0.0,0.0,0.0,0.0,,,0.32697,0.211927,,True,BothCorrect,Pipelines agree.
T2608018531,0.0,0.0,0.0,0.0,,,0.17449,0.334552,,True,BothCorrect,Pipelines agree.
T2608077937,0.0,0.0,0.0,0.0,,,0.027766,0.006529,,True,BothCorrect,Pipelines agree.
T2608090263,0.0,0.0,1.0,1.0,,,0.743931,0.943139,,True,BothWrong,Pipelines agree.
T2607047355,1.0,1.0,1.0,1.0,,,0.942499,0.789981,,True,BothCorrect,Pipelines agree.
T2608162263,0.0,0.0,1.0,0.0,,,0.857803,0.490772,,False,PyOnlyCorrect,"actual 0.0: Spark 1.0, Python 0.0"
T2608154584,0.0,0.0,0.0,0.0,,,0.040078,6.3e-05,,True,BothCorrect,Pipelines agree.
T2607090623,0.0,0.0,0.0,0.0,,,0.107239,0.045401,,True,BothCorrect,Pipelines agree.
T2608108985,0.0,0.0,0.0,0.0,,,0.100665,0.205106,,True,BothCorrect,Pipelines agree.
T2607121258,0.0,0.0,0.0,0.0,,,0.035699,0.014325,,True,BothCorrect,Pipelines agree.
T2607158103,0.0,0.0,1.0,1.0,,,0.77412,0.844435,,True,BothWrong,Pipelines agree.
T2607159422,0.0,0.0,0.0,0.0,,,0.020674,0.043424,,True,BothCorrect,Pipelines agree.
T2608057747,0.0,0.0,0.0,1.0,,,0.015613,0.781021,,False,SparkOnlyCorrect,"actual 0.0: Spark 0.0, Python 1.0"
T2608159886,0.0,0.0,0.0,0.0,,,0.071329,0.026035,,True,BothCorrect,Pipelines agree.
T2607084438,1.0,1.0,1.0,0.0,,,0.624836,0.690131,,False,SparkOnlyCorrect,"actual 1.0: Spark 1.0, Python 0.0"
T2608079412,0.0,0.0,0.0,0.0,,,0.175291,0.016689,,True,BothCorrect,Pipelines agree.
T2608114573,0.0,0.0,0.0,0.0,,,0.02051,0.048492,,True,BothCorrect,Pipelines agree.
T2607099575,0.0,0.0,0.0,0.0,,,0.021368,0.002742,,True,BothCorrect,Pipelines agree.
T2608082982,0.0,0.0,0.0,0.0,,,0.031681,0.06205,,True,BothCorrect,Pipelines agree.
T2608012311,1.0,1.0,1.0,0.0,,,0.895738,0.32149,,False,SparkOnlyCorrect,"actual 1.0: Spark 1.0, Python 0.0"
T2607072086,0.0,0.0,0.0,0.0,,,0.023819,0.011849,,True,BothCorrect,Pipelines agree.
T2608158344,0.0,0.0,0.0,0.0,,,0.07252,0.014977,,True,BothCorrect,Pipelines agree.
T2607153613,0.0,0.0,0.0,0.0,,,0.134239,0.043026,,True,BothCorrect,Pipelines agree.
T2608115370,0.0,0.0,0.0,0.0,,,0.012601,0.068382,,True,BothCorrect,Pipelines agree.
T2608142455,0.0,0.0,0.0,0.0,,,0.021342,0.002883,,True,BothCorrect,Pipelines agree.
T2608035690,0.0,0.0,0.0,0.0,,,0.02393,0.002009,,True,BothCorrect,Pipelines agree.
T2608125539,0.0,0.0,0.0,0.0,,,0.034272,0.000371,,True,BothCorrect,Pipelines agree.
T2607093380,0.0,0.0,1.0,0.0,,,0.623231,0.455812,,False,PyOnlyCorrect,"actual 0.0: Spark 1.0, Python 0.0"
T2608070653,0.0,0.0,0.0,0.0,,,0.034144,0.014917,,True,BothCorrect,Pipelines agree.
T2608019372,0.0,0.0,0.0,0.0,,,0.391273,0.691042,,True,BothCorrect,Pipelines agree.
T2607094302,0.0,0.0,0.0,0.0,,,0.216215,0.00569,,True,BothCorrect,Pipelines agree.
T2607061861,0.0,0.0,0.0,0.0,,,0.049212,0.08949,,True,BothCorrect,Pipelines agree.
T2608073582,0.0,0.0,0.0,0.0,,,0.09163,0.535954,,True,BothCorrect,Pipelines agree.
T2607138238,0.0,0.0,1.0,1.0,,,0.721879,0.869508,,True,BothWrong,Pipelines agree.
T2607107541,0.0,0.0,0.0,0.0,,,0.080331,0.030271,,True,BothCorrect,Pipelines agree.
T2607084724,1.0,1.0,1.0,1.0,,,0.773791,0.92958,,True,BothCorrect,Pipelines agree.
T2607143565,0.0,0.0,0.0,0.0,,,0.381487,0.030689,,True,BothCorrect,Pipelines agree.
T2607145211,0.0,0.0,0.0,0.0,,,0.162629,0.448096,,True,BothCorrect,Pipelines agree.
T2608028061,1.0,1.0,1.0,0.0,,,0.704164,0.68522,,False,SparkOnlyCorrect,"actual 1.0: Spark 1.0, Python 0.0"
T2607090781,0.0,0.0,1.0,1.0,,,0.947321,0.752107,,True,BothWrong,Pipelines agree.
T2608023138,0.0,0.0,0.0,0.0,,,0.029377,0.005261,,True,BothCorrect,Pipelines agree.
T2608126740,0.0,0.0,0.0,0.0,,,0.14391,0.014487,,True,BothCorrect,Pipelines agree.
T2607131735,0.0,0.0,0.0,0.0,,,0.034911,0.033551,,True,BothCorrect,Pipelines agree.
T2607129335,0.0,0.0,0.0,0.0,,,0.179598,0.230537,,True,BothCorrect,Pipelines agree.
T2608088994,0.0,0.0,0.0,0.0,,,0.02133,0.000568,,True,BothCorrect,Pipelines agree.
T2607115493,1.0,1.0,1.0,1.0,,,0.906714,0.76393,,True,BothCorrect,Pipelines agree.
T2607048530,0.0,0.0,0.0,0.0,,,0.294284,0.032836,,True,BothCorrect,Pipelines agree.
T2607061546,0.0,0.0,1.0,0.0,,,0.989904,0.013151,,False,PyOnlyCorrect,"actual 0.0: Spark 1.0, Python 0.0"
T2607104552,1.0,1.0,1.0,1.0,,,0.588009,0.879753,,True,BothCorrect,Pipelines agree.
T2608135766,0.0,0.0,0.0,0.0,,,0.236932,0.577242,,True,BothCorrect,Pipelines agree.
T2608089883,0.0,0.0,0.0,0.0,,,0.202017,0.071767,,True,BothCorrect,Pipelines agree.
T2608154425,0.0,0.0,0.0,0.0,,,0.027631,0.000103,,True,BothCorrect,Pipelines agree.
T2608151930,1.0,1.0,1.0,0.0,,,0.920057,0.225153,,False,SparkOnlyCorrect,"actual 1.0: Spark 1.0, Python 0.0"
T2607055763,0.0,0.0,0.0,0.0,,,0.044404,0.000728,,True,BothCorrect,Pipelines agree.
T2608121052,0.0,0.0,0.0,1.0,,,0.497392,0.751044,,False,SparkOnlyCorrect,"actual 0.0: Spark 0.0, Python 1.0"
T2607075552,0.0,0.0,0.0,0.0,,,0.390003,0.035813,,True,BothCorrect,Pipelines agree.
T2607112927,0.0,0.0,0.0,0.0,,,0.026009,4e-05,,True,BothCorrect,Pipelines agree.
T2607092062,0.0,0.0,0.0,0.0,,,0.021368,6.7e-05,,True,BothCorrect,Pipelines agree.
T2607066661,1.0,1.0,1.0,1.0,,,0.933636,0.967452,,True,BothCorrect,Pipelines agree.
T2608157182,0.0,0.0,0.0,0.0,,,0.021771,0.001825,,True,BothCorrect,Pipelines agree.
T2608114828,0.0,0.0,0.0,0.0,,,0.103965,0.037529,,True,BothCorrect,Pipelines agree.
T2607156537,0.0,0.0,0.0,0.0,,,0.040245,0.056345,,True,BothCorrect,Pipelines agree.
T2607103565,0.0,0.0,0.0,0.0,,,0.024005,0.011118,,True,BothCorrect,Pipelines agree.
T2608051819,0.0,0.0,0.0,0.0,,,0.013055,0.012669,,True,BothCorrect,Pipelines agree.
T2607070305,0.0,0.0,0.0,0.0,,,0.02963,0.325005,,True,BothCorrect,Pipelines agree.
T2607078384,0.0,0.0,0.0,0.0,,,0.021368,0.000811,,True,BothCorrect,Pipelines agree.
T2608048667,0.0,0.0,0.0,0.0,,,0.022938,0.018569,,True,BothCorrect,Pipelines agree.
T2607116234,1.0,1.0,1.0,1.0,,,0.80988,0.969465,,True,BothCorrect,Pipelines agree.
T2608134382,0.0,0.0,0.0,0.0,,,0.026984,0.045963,,True,BothCorrect,Pipelines agree.
T2608032319,0.0,0.0,0.0,0.0,,,0.021305,0.002409,,True,BothCorrect,Pipelines agree.
T2608080165,0.0,0.0,0.0,0.0,,,0.052379,0.001909,,True,BothCorrect,Pipelines agree.
T2607112161,0.0,0.0,0.0,0.0,,,0.021855,0.001583,,True,BothCorrect,Pipelines agree.
T2607120523,0.0,0.0,0.0,0.0,,,0.075554,0.01272,,True,BothCorrect,Pipelines agree.
T2607095723,0.0,0.0,0.0,0.0,,,0.022283,0.120286,,True,BothCorrect,Pipelines agree.
T2607067546,0.0,0.0,0.0,0.0,,,0.022422,0.026439,,True,BothCorrect,Pipelines agree.
T2607050648,0.0,0.0,0.0,0.0,,,0.095635,0.077462,,True,BothCorrect,Pipelines agree.
T2608054633,0.0,0.0,0.0,0.0,,,0.029969,0.010547,,True,BothCorrect,Pipelines agree.
T2608002231,0.0,0.0,0.0,0.0,,,0.087762,0.027276,,True,BothCorrect,Pipelines agree.
T2608074060,0.0,0.0,0.0,0.0,,,0.059183,0.000192,,True,BothCorrect,Pipelines agree.
T2608096108,0.0,0.0,0.0,0.0,,,0.022776,0.00567,,True,BothCorrect,Pipelines agree.
T2608065777,0.0,0.0,1.0,0.0,,,0.684779,0.1425,,False,PyOnlyCorrect,"actual 0.0: Spark 1.0, Python 0.0"
T2608086217,0.0,0.0,0.0,0.0,,,0.27579,0.077628,,True,BothCorrect,Pipelines agree.
T2608043318,0.0,0.0,0.0,0.0,,,0.014678,0.001424,,True,BothCorrect,Pipelines agree.
T2607151010,0.0,0.0,0.0,0.0,,,0.080317,0.296556,,True,BothCorrect,Pipelines agree.
T2608004232,0.0,0.0,0.0,0.0,,,0.013176,0.000747,,True,BothCorrect,Pipelines agree.
T2608145010,0.0,0.0,0.0,0.0,,,0.077338,0.18733,,True,BothCorrect,Pipelines agree.
T2607102637,0.0,0.0,0.0,0.0,,,0.176043,0.548723,,True,BothCorrect,Pipelines agree.
T2607063626,0.0,0.0,0.0,0.0,,,0.012374,0.001529,,True,BothCorrect,Pipelines agree.
T2608082530,0.0,0.0,0.0,0.0,,,0.022395,0.450064,,True,BothCorrect,Pipelines agree.
T2607062283,0.0,0.0,0.0,0.0,,,0.100143,0.083263,,True,BothCorrect,Pipelines agree.
T2608001695,0.0,0.0,0.0,0.0,,,0.040589,0.009365,,True,BothCorrect,Pipelines agree.
T2608085576,0.0,0.0,0.0,0.0,,,0.04627,0.004027,,True,BothCorrect,Pipelines agree.
T2608066584,0.0,0.0,0.0,0.0,,,0.134394,0.286459,,True,BothCorrect,Pipelines agree.
T2608101675,0.0,0.0,0.0,0.0,,,0.050738,0.069188,,True,BothCorrect,Pipelines agree.
T2607133140,0.0,0.0,0.0,0.0,,,0.025634,0.177384,,True,BothCorrect,Pipelines agree.
T2607158524,0.0,0.0,0.0,0.0,,,0.048024,0.047983,,True,BothCorrect,Pipelines agree.
T2608039616,0.0,0.0,0.0,0.0,,,0.178115,0.317784,,True,BothCorrect,Pipelines agree.
T2607156019,0.0,0.0,0.0,0.0,,,0.038326,0.019839,,True,BothCorrect,Pipelines agree.
T2608128045,0.0,0.0,0.0,1.0,,,0.390607,0.769822,,False,SparkOnlyCorrect,"actual 0.0: Spark 0.0, Python 1.0"
T2608050430,0.0,0.0,0.0,0.0,,,0.021342,0.031479,,True,BothCorrect,Pipelines agree.
T2608104596,0.0,0.0,1.0,0.0,,,0.899021,0.313336,,False,PyOnlyCorrect,"actual 0.0: Spark 1.0, Python 0.0"
T2608143418,0.0,0.0,0.0,0.0,,,0.021342,0.077124,,True,BothCorrect,Pipelines agree.
T2608117505,0.0,0.0,0.0,0.0,,,0.031374,0.000268,,True,BothCorrect,Pipelines agree.
T2607058984,0.0,0.0,0.0,0.0,,,0.071284,0.009584,,True,BothCorrect,Pipelines agree.
T2608052212,0.0,0.0,0.0,0.0,,,0.027323,0.001169,,True,BothCorrect,Pipelines agree.
T2608083372,0.0,0.0,0.0,1.0,,,0.18803,0.888569,,False,SparkOnlyCorrect,"actual 0.0: Spark 0.0, Python 1.0"
T2607153928,1.0,1.0,0.0,0.0,,,0.058287,0.312832,,True,BothWrong,Pipelines agree.
T2607135754,0.0,0.0,0.0,0.0,,,0.040929,0.000223,,True,BothCorrect,Pipelines agree.
T2607137549,0.0,0.0,0.0,0.0,,,0.018189,0.045584,,True,BothCorrect,Pipelines agree.
T2608104033,0.0,0.0,0.0,0.0,,,0.31815,0.232207,,True,BothCorrect,Pipelines agree.
T2607158258,0.0,0.0,0.0,0.0,,,0.078763,0.056885,,True,BothCorrect,Pipelines agree.
T2607061609,0.0,0.0,0.0,0.0,,,0.038637,0.0419,,True,BothCorrect,Pipelines agree.
T2608133229,1.0,1.0,1.0,1.0,,,0.861907,0.987868,,True,BothCorrect,Pipelines agree.
T2608104144,0.0,0.0,0.0,0.0,,,0.047056,0.422522,,True,BothCorrect,Pipelines agree.
T2608106756,0.0,0.0,0.0,0.0,,,0.112495,0.565738,,True,BothCorrect,Pipelines agree.
T2608059119,0.0,0.0,0.0,0.0,,,0.219614,0.139842,,True,BothCorrect,Pipelines agree.
T2608109118,0.0,0.0,0.0,0.0,,,0.021368,0.23437,,True,BothCorrect,Pipelines agree.
T2607056069,0.0,0.0,0.0,0.0,,,0.08904,0.001685,,True,BothCorrect,Pipelines agree.
T2608070243,0.0,0.0,0.0,0.0,,,0.335262,0.128598,,True,BothCorrect,Pipelines agree.
T2607041459,0.0,0.0,1.0,0.0,,,0.773544,0.453387,,False,PyOnlyCorrect,"actual 0.0: Spark 1.0, Python 0.0"
T2607131582,0.0,0.0,0.0,0.0,,,0.025147,0.000467,,True,BothCorrect,Pipelines agree.
T2607093168,0.0,0.0,0.0,0.0,,,0.019906,0.004218,,True,BothCorrect,Pipelines agree.
T2607083046,0.0,0.0,0.0,0.0,,,0.023736,0.000249,,True,BothCorrect,Pipelines agree.
T2608087888,0.0,0.0,1.0,0.0,,,0.505445,0.489533,,False,PyOnlyCorrect,"actual 0.0: Spark 1.0, Python 0.0"
T2607119598,0.0,0.0,0.0,0.0,,,0.034508,0.007367,,True,BothCorrect,Pipelines agree.
T2607135004,0.0,0.0,0.0,0.0,,,0.018009,2.8e-05,,True,BothCorrect,Pipelines agree.
T2608096493,0.0,0.0,0.0,0.0,,,0.02133,0.002182,,True,BothCorrect,Pipelines agree.
T2608010236,0.0,0.0,0.0,0.0,,,0.023519,0.139447,,True,BothCorrect,Pipelines agree.
T2608140351,0.0,0.0,1.0,1.0,,,0.910965,0.906098,,True,BothWrong,Pipelines agree.
T2607163983,0.0,0.0,0.0,0.0,,,0.152953,0.019345,,True,BothCorrect,Pipelines agree.
T2607079962,0.0,0.0,0.0,0.0,,,0.02393,0.000451,,True,BothCorrect,Pipelines agree.
T2608095618,0.0,0.0,0.0,0.0,,,0.090383,0.323287,,True,BothCorrect,Pipelines agree.
T2608048408,0.0,0.0,1.0,0.0,,,0.712404,0.681821,,False,PyOnlyCorrect,"actual 0.0: Spark 1.0, Python 0.0"
T2607069936,0.0,0.0,0.0,0.0,,,0.050631,0.010644,,True,BothCorrect,Pipelines agree.
T2607056600,0.0,0.0,0.0,0.0,,,0.018225,0.006082,,True,BothCorrect,Pipelines agree.
T2608080342,0.0,0.0,0.0,0.0,,,0.035577,0.031469,,True,BothCorrect,Pipelines agree.
T2607160833,0.0,0.0,0.0,0.0,,,0.021342,0.006986,,True,BothCorrect,Pipelines agree.
T2607084467,0.0,0.0,1.0,0.0,,,0.612809,0.102581,,False,PyOnlyCorrect,"actual 0.0: Spark 1.0, Python 0.0"
T2607043149,0.0,0.0,0.0,0.0,,,0.026149,0.002337,,True,BothCorrect,Pipelines agree.
T2607062798,0.0,0.0,0.0,0.0,,,0.015503,0.036691,,True,BothCorrect,Pipelines agree.
T2607048594,0.0,0.0,1.0,0.0,,,0.626857,0.206226,,False,PyOnlyCorrect,"actual 0.0: Spark 1.0, Python 0.0"
T2608108319,0.0,0.0,1.0,1.0,,,0.916575,0.967818,,True,BothWrong,Pipelines agree.
T2608113055,0.0,0.0,0.0,0.0,,,0.066129,0.062553,,True,BothCorrect,Pipelines agree.
T2608049605,1.0,1.0,0.0,0.0,,,0.262232,0.682362,,True,BothWrong,Pipelines agree.
T2608132369,0.0,0.0,0.0,0.0,,,0.410321,0.318537,,True,BothCorrect,Pipelines agree.
T2608017266,0.0,0.0,0.0,0.0,,,0.465479,0.286678,,True,BothCorrect,Pipelines agree.
T2608134107,0.0,0.0,0.0,0.0,,,0.021305,0.000362,,True,BothCorrect,Pipelines agree.
T2608091785,0.0,0.0,0.0,0.0,,,0.048815,0.134847,,True,BothCorrect,Pipelines agree.
T2607138644,0.0,0.0,0.0,1.0,,,0.298547,0.727927,,False,SparkOnlyCorrect,"actual 0.0: Spark 0.0, Python 1.0"
T2607095546,0.0,0.0,0.0,0.0,,,0.021368,0.005985,,True,BothCorrect,Pipelines agree.
T2608159169,0.0,0.0,0.0,0.0,,,0.037876,0.106981,,True,BothCorrect,Pipelines agree.
T2607082527,0.0,0.0,0.0,0.0,,,0.030609,0.123911,,True,BothCorrect,Pipelines agree.
T2607118397,0.0,0.0,0.0,0.0,,,0.04239,0.083887,,True,BothCorrect,Pipelines agree.
T2608083787,0.0,0.0,0.0,0.0,,,0.06488,0.421282,,True,BothCorrect,Pipelines agree.
T2607131642,0.0,0.0,0.0,0.0,,,0.078269,0.088214,,True,BothCorrect,Pipelines agree.
T2608123284,1.0,1.0,0.0,0.0,,,0.138061,0.575835,,True,BothWrong,Pipelines agree.
T2608049043,0.0,0.0,0.0,0.0,,,0.479774,0.641557,,True,BothCorrect,Pipelines agree.
T2608012536,0.0,0.0,0.0,0.0,,,0.02356,0.008823,,True,BothCorrect,Pipelines agree.
T2608011191,0.0,0.0,0.0,0.0,,,0.097671,0.045523,,True,BothCorrect,Pipelines agree.
T2608142972,0.0,0.0,0.0,0.0,,,0.074086,0.001575,,True,BothCorrect,Pipelines agree.
T2608002660,0.0,0.0,0.0,0.0,,,0.058486,0.040133,,True,BothCorrect,Pipelines agree.
T2607041863,0.0,0.0,1.0,1.0,,,0.812634,0.932644,,True,BothWrong,Pipelines agree.
T2607138065,0.0,0.0,0.0,0.0,,,0.044613,0.050597,,True,BothCorrect,Pipelines agree.
T2607140532,0.0,0.0,0.0,0.0,,,0.023519,0.000205,,True,BothCorrect,Pipelines agree.
T2608055765,0.0,0.0,0.0,0.0,,,0.135677,0.181302,,True,BothCorrect,Pipelines agree.
T2607152961,0.0,0.0,0.0,0.0,,,0.027501,0.354914,,True,BothCorrect,Pipelines agree.
T2607118742,0.0,0.0,0.0,0.0,,,0.177584,0.002038,,True,BothCorrect,Pipelines agree.
T2607152269,0.0,0.0,0.0,0.0,,,0.095255,0.004426,,True,BothCorrect,Pipelines agree.
T2607133169,0.0,0.0,1.0,1.0,,,0.828564,0.834157,,True,BothWrong,Pipelines agree.
T2608120605,0.0,0.0,0.0,0.0,,,0.174656,0.159942,,True,BothCorrect,Pipelines agree.
T2607098289,0.0,0.0,0.0,0.0,,,0.079034,0.000857,,True,BothCorrect,Pipelines agree.
T2608153245,0.0,0.0,0.0,0.0,,,0.018785,0.037414,,True,BothCorrect,Pipelines agree.
T2607057157,0.0,0.0,0.0,0.0,,,0.021707,0.073331,,True,BothCorrect,Pipelines agree.
T2608137955,0.0,0.0,0.0,0.0,,,0.090357,0.024659,,True,BothCorrect,Pipelines agree.
T2608013472,0.0,0.0,0.0,0.0,,,0.39849,0.173471,,True,BothCorrect,Pipelines agree.
T2608048204,0.0,0.0,0.0,0.0,,,0.115423,0.185408,,True,BothCorrect,Pipelines agree.
T2608015017,0.0,0.0,0.0,0.0,,,0.290834,0.019672,,True,BothCorrect,Pipelines agree.
T2608092309,0.0,0.0,0.0,0.0,,,0.030338,0.600999,,True,BothCorrect,Pipelines agree.
T2607145415,1.0,1.0,1.0,1.0,,,0.907184,0.942341,,True,BothCorrect,Pipelines agree.
T2608133858,0.0,0.0,0.0,0.0,,,0.047362,0.011743,,True,BothCorrect,Pipelines agree.
T2608117446,0.0,0.0,0.0,0.0,,,0.034253,0.001113,,True,BothCorrect,Pipelines agree.
T2607040769,1.0,1.0,1.0,1.0,,,0.752923,0.793763,,True,BothCorrect,Pipelines agree.
T2607102832,0.0,0.0,0.0,1.0,,,0.31735,0.976006,,False,SparkOnlyCorrect,"actual 0.0: Spark 0.0, Python 1.0"
T2607136334,0.0,0.0,0.0,0.0,,,0.01695,0.016573,,True,BothCorrect,Pipelines agree.
T2608150672,0.0,0.0,0.0,0.0,,,0.068364,0.002998,,True,BothCorrect,Pipelines agree.
T2608013113,0.0,0.0,0.0,0.0,,,0.021342,0.014675,,True,BothCorrect,Pipelines agree.
T2607050831,0.0,0.0,0.0,0.0,,,0.061764,0.210752,,True,BothCorrect,Pipelines agree.
T2607056243,0.0,0.0,0.0,0.0,,,0.025461,0.00046,,True,BothCorrect,Pipelines agree.
T2608087475,0.0,0.0,0.0,0.0,,,0.124898,0.666904,,True,BothCorrect,Pipelines agree.
T2607140019,0.0,0.0,0.0,0.0,,,0.03626,0.009865,,True,BothCorrect,Pipelines agree.
T2608148271,0.0,0.0,0.0,0.0,,,0.031152,0.195413,,True,BothCorrect,Pipelines agree.
T2608070847,0.0,0.0,0.0,0.0,,,0.031752,0.023257,,True,BothCorrect,Pipelines agree.
T2608033354,0.0,0.0,1.0,1.0,,,0.635133,0.840595,,True,BothWrong,Pipelines agree.
T2608089243,0.0,0.0,0.0,0.0,,,0.094985,0.344737,,True,BothCorrect,Pipelines agree.
T2608155215,0.0,0.0,0.0,0.0,,,0.024338,0.006035,,True,BothCorrect,Pipelines agree.
T2607093101,0.0,0.0,1.0,0.0,,,0.58688,0.01761,,False,PyOnlyCorrect,"actual 0.0: Spark 1.0, Python 0.0"
T2608073963,0.0,0.0,0.0,0.0,,,0.01856,0.000328,,True,BothCorrect,Pipelines agree.
T2608068168,0.0,0.0,0.0,0.0,,,0.019447,0.012036,,True,BothCorrect,Pipelines agree.
T2607053518,0.0,0.0,0.0,0.0,,,0.381706,0.09612,,True,BothCorrect,Pipelines agree.
T2607113663,0.0,0.0,0.0,1.0,,,0.053984,0.845538,,False,SparkOnlyCorrect,"actual 0.0: Spark 0.0, Python 1.0"
T2608106497,0.0,0.0,0.0,0.0,,,0.068617,0.005245,,True,BothCorrect,Pipelines agree.
T2607053887,0.0,0.0,0.0,0.0,,,0.021342,0.002628,,True,BothCorrect,Pipelines agree.
T2607167047,0.0,0.0,0.0,0.0,,,0.022422,0.0036,,True,BothCorrect,Pipelines agree.
T2607109425,0.0,0.0,0.0,0.0,,,0.026452,0.014326,,True,BothCorrect,Pipelines agree.
T2608110731,0.0,0.0,0.0,0.0,,,0.092051,0.192092,,True,BothCorrect,Pipelines agree.
T2607151084,1.0,1.0,1.0,0.0,,,0.921343,0.473275,,False,SparkOnlyCorrect,"actual 1.0: Spark 1.0, Python 0.0"
T2607157656,0.0,0.0,0.0,0.0,,,0.022776,0.111497,,True,BothCorrect,Pipelines agree.
T2608005435,0.0,0.0,0.0,0.0,,,0.041991,0.000566,,True,BothCorrect,Pipelines agree.
T2608119114,0.0,0.0,0.0,0.0,,,0.159185,0.091385,,True,BothCorrect,Pipelines agree.
T2608011697,1.0,1.0,1.0,1.0,,,0.846735,0.939936,,True,BothCorrect,Pipelines agree.
T2607074307,0.0,0.0,1.0,1.0,,,0.874065,0.738759,,True,BothWrong,Pipelines agree.
T2608007603,0.0,0.0,0.0,0.0,,,0.021342,0.001011,,True,BothCorrect,Pipelines agree.
T2608146398,0.0,0.0,0.0,0.0,,,0.021305,0.00034,,True,BothCorrect,Pipelines agree.
T2607055784,0.0,0.0,0.0,0.0,,,0.212555,0.060999,,True,BothCorrect,Pipelines agree.
T2608010229,0.0,0.0,1.0,1.0,,,0.810244,0.974096,,True,BothWrong,Pipelines agree.
T2607113752,0.0,0.0,0.0,0.0,,,0.060965,0.199901,,True,BothCorrect,Pipelines agree.
T2607166413,0.0,0.0,0.0,0.0,,,0.060955,0.007424,,True,BothCorrect,Pipelines agree.
T2608090840,0.0,0.0,0.0,0.0,,,0.0681,0.011425,,True,BothCorrect,Pipelines agree.
T2608140257,1.0,1.0,1.0,1.0,,,0.933635,0.929003,,True,BothCorrect,Pipelines agree.
T2607088427,1.0,1.0,1.0,1.0,,,0.905042,0.938869,,True,BothCorrect,Pipelines agree.
T2607162920,0.0,0.0,1.0,0.0,,,0.867225,0.029502,,False,PyOnlyCorrect,"actual 0.0: Spark 1.0, Python 0.0"
T2608021618,0.0,0.0,1.0,0.0,,,0.561083,0.045945,,False,PyOnlyCorrect,"actual 0.0: Spark 1.0, Python 0.0"
T2608066064,0.0,0.0,0.0,0.0,,,0.06361,0.062302,,True,BothCorrect,Pipelines agree.
T2607162498,0.0,0.0,0.0,0.0,,,0.057927,0.012849,,True,BothCorrect,Pipelines agree.
T2607146044,0.0,0.0,0.0,0.0,,,0.236962,0.092158,,True,BothCorrect,Pipelines agree.
T2608121843,1.0,1.0,1.0,1.0,,,0.781293,0.949827,,True,BothCorrect,Pipelines agree.
T2607125550,0.0,0.0,1.0,0.0,,,0.597937,0.405629,,False,PyOnlyCorrect,"actual 0.0: Spark 1.0, Python 0.0"
T2608130685,0.0,0.0,0.0,0.0,,,0.034592,0.01528,,True,BothCorrect,Pipelines agree.
T2607065485,0.0,0.0,1.0,0.0,,,0.660052,0.604895,,False,PyOnlyCorrect,"actual 0.0: Spark 1.0, Python 0.0"
T2608112030,0.0,0.0,0.0,0.0,,,0.043621,0.000573,,True,BothCorrect,Pipelines agree.
T2608109545,0.0,0.0,0.0,0.0,,,0.432902,0.109467,,True,BothCorrect,Pipelines agree.
T2608134669,0.0,0.0,0.0,0.0,,,0.023448,0.11717,,True,BothCorrect,Pipelines agree.
T2608023613,0.0,0.0,0.0,0.0,,,0.12019,0.039657,,True,BothCorrect,Pipelines agree.
T2607040929,1.0,1.0,0.0,0.0,,,0.257725,0.531691,,True,BothWrong,Pipelines agree.
T2608163045,0.0,0.0,0.0,0.0,,,0.03085,0.001294,,True,BothCorrect,Pipelines agree.
T2607040163,0.0,0.0,0.0,0.0,,,0.14595,0.021238,,True,BothCorrect,Pipelines agree.
T2607141811,0.0,0.0,0.0,0.0,,,0.063295,0.022523,,True,BothCorrect,Pipelines agree.
T2608044230,0.0,0.0,0.0,0.0,,,0.021086,0.01148,,True,BothCorrect,Pipelines agree.
T2608054873,0.0,0.0,0.0,0.0,,,0.0354,0.016752,,True,BothCorrect,Pipelines agree.
T2608020669,0.0,0.0,0.0,0.0,,,0.01542,0.228223,,True,BothCorrect,Pipelines agree.
T2607120320,0.0,0.0,0.0,0.0,,,0.273965,0.075401,,True,BothCorrect,Pipelines agree.
T2608117271,0.0,0.0,0.0,0.0,,,0.022383,8.5e-05,,True,BothCorrect,Pipelines agree.
T2607137602,0.0,0.0,0.0,0.0,,,0.014947,0.293791,,True,BothCorrect,Pipelines agree.
T2607108037,0.0,0.0,0.0,0.0,,,0.020241,0.000165,,True,BothCorrect,Pipelines agree.
T2608094511,0.0,0.0,0.0,0.0,,,0.0233,0.030849,,True,BothCorrect,Pipelines agree.
T2607075646,0.0,0.0,0.0,0.0,,,0.02133,0.001427,,True,BothCorrect,Pipelines agree.
T2607072206,0.0,0.0,1.0,0.0,,,0.526376,0.368111,,False,PyOnlyCorrect,"actual 0.0: Spark 1.0, Python 0.0"
T2607045986,0.0,0.0,0.0,0.0,,,0.017744,0.109345,,True,BothCorrect,Pipelines agree.
T2607058864,0.0,0.0,0.0,0.0,,,0.017032,0.003168,,True,BothCorrect,Pipelines agree.
T2607059631,0.0,0.0,0.0,0.0,,,0.01922,0.00476,,True,BothCorrect,Pipelines agree.
T2608135525,0.0,0.0,1.0,1.0,,,0.832629,0.702279,,True,BothWrong,Pipelines agree.
T2607157176,0.0,0.0,0.0,0.0,,,0.098487,0.133457,,True,BothCorrect,Pipelines agree.
T2607045417,0.0,0.0,0.0,0.0,,,0.043649,0.014913,,True,BothCorrect,Pipelines agree.
T2608010859,0.0,0.0,1.0,1.0,,,0.545532,0.914442,,True,BothWrong,Pipelines agree.
T2608112846,0.0,0.0,0.0,0.0,,,0.013418,0.011135,,True,BothCorrect,Pipelines agree.
T2607053275,0.0,0.0,1.0,1.0,,,0.926779,0.828483,,True,BothWrong,Pipelines agree.
T2608127277,0.0,0.0,0.0,0.0,,,0.023603,0.000137,,True,BothCorrect,Pipelines agree.
T2608011815,0.0,0.0,1.0,0.0,,,0.666545,0.524342,,False,PyOnlyCorrect,"actual 0.0: Spark 1.0, Python 0.0"
T2608123844,0.0,0.0,0.0,0.0,,,0.048781,0.067191,,True,BothCorrect,Pipelines agree.
T2608112240,0.0,0.0,0.0,0.0,,,0.02133,0.000258,,True,BothCorrect,Pipelines agree.
T2608104797,0.0,0.0,1.0,1.0,,,0.686905,0.831718,,True,BothWrong,Pipelines agree.
T2608074058,0.0,0.0,0.0,0.0,,,0.004009,5.4e-05,,True,BothCorrect,Pipelines agree.
T2607069888,0.0,0.0,0.0,0.0,,,0.01986,0.026862,,True,BothCorrect,Pipelines agree.
T2607143898,0.0,0.0,0.0,0.0,,,0.324113,0.244326,,True,BothCorrect,Pipelines agree.
T2607128327,0.0,0.0,0.0,0.0,,,0.02356,0.002208,,True,BothCorrect,Pipelines agree.
T2608020481,0.0,0.0,0.0,0.0,,,0.021305,0.001332,,True,BothCorrect,Pipelines agree.
T2607066698,1.0,1.0,1.0,1.0,,,0.670594,0.845611,,True,BothCorrect,Pipelines agree.
T2608040520,0.0,0.0,0.0,0.0,,,0.119651,0.003474,,True,BothCorrect,Pipelines agree.
T2607118584,0.0,0.0,0.0,0.0,,,0.025863,0.000185,,True,BothCorrect,Pipelines agree.
T2607071744,0.0,0.0,0.0,0.0,,,0.048061,0.021759,,True,BothCorrect,Pipelines agree.
T2608066347,0.0,0.0,0.0,0.0,,,0.021707,0.000566,,True,BothCorrect,Pipelines agree.
T2607115669,0.0,0.0,1.0,1.0,,,0.870326,0.95608,,True,BothWrong,Pipelines agree.
T2607142542,0.0,0.0,0.0,0.0,,,0.205379,0.326369,,True,BothCorrect,Pipelines agree.
T2608072809,0.0,0.0,0.0,0.0,,,0.037254,0.004082,,True,BothCorrect,Pipelines agree.
T2608052459,0.0,0.0,0.0,0.0,,,0.09997,0.077555,,True,BothCorrect,Pipelines agree.
T2608135999,0.0,0.0,1.0,0.0,,,0.663063,0.587725,,False,PyOnlyCorrect,"actual 0.0: Spark 1.0, Python 0.0"
T2607103458,0.0,0.0,0.0,0.0,,,0.02133,0.001979,,True,BothCorrect,Pipelines agree.
T2607068765,0.0,0.0,0.0,0.0,,,0.017996,0.106954,,True,BothCorrect,Pipelines agree.
T2608042027,0.0,0.0,0.0,0.0,,,0.026683,0.002601,,True,BothCorrect,Pipelines agree.
T2607050429,0.0,0.0,1.0,0.0,,,0.843357,0.40532,,False,PyOnlyCorrect,"actual 0.0: Spark 1.0, Python 0.0"
T2607157833,0.0,0.0,0.0,0.0,,,0.035879,0.001388,,True,BothCorrect,Pipelines agree.
T2607057316,1.0,1.0,0.0,0.0,,,0.029195,0.028801,,True,BothWrong,Pipelines agree.
T2608045875,0.0,0.0,0.0,0.0,,,0.014513,0.002643,,True,BothCorrect,Pipelines agree.
T2607064754,0.0,0.0,0.0,0.0,,,0.201229,0.135452,,True,BothCorrect,Pipelines agree.
T2607140204,0.0,0.0,0.0,0.0,,,0.023603,0.000154,,True,BothCorrect,Pipelines agree.
T2608146441,0.0,0.0,0.0,0.0,,,0.068471,0.008348,,True,BothCorrect,Pipelines agree.
T2607145250,0.0,0.0,0.0,0.0,,,0.228142,0.39027,,True,BothCorrect,Pipelines agree.
T2608059897,0.0,0.0,1.0,0.0,,,0.625024,0.371987,,False,PyOnlyCorrect,"actual 0.0: Spark 1.0, Python 0.0"
T2608135232,0.0,0.0,0.0,0.0,,,0.021368,0.029925,,True,BothCorrect,Pipelines agree.
T2607040947,1.0,1.0,1.0,1.0,,,0.950778,0.984813,,True,BothCorrect,Pipelines agree.
T2607112625,0.0,0.0,0.0,0.0,,,0.021368,0.000375,,True,BothCorrect,Pipelines agree.
T2607136436,0.0,0.0,0.0,0.0,,,0.021305,0.032657,,True,BothCorrect,Pipelines agree.
T2607149487,0.0,0.0,0.0,0.0,,,0.493281,0.04717,,True,BothCorrect,Pipelines agree.
T2607161614,0.0,0.0,0.0,0.0,,,0.034008,0.015211,,True,BothCorrect,Pipelines agree.
T2608163271,1.0,1.0,1.0,1.0,,,0.920877,0.76179,,True,BothCorrect,Pipelines agree.
T2608130165,1.0,1.0,1.0,1.0,,,0.773985,0.972198,,True,BothCorrect,Pipelines agree.
T2607040429,1.0,1.0,1.0,0.0,,,0.74605,0.651727,,False,SparkOnlyCorrect,"actual 1.0: Spark 1.0, Python 0.0"
T2608100725,0.0,0.0,0.0,0.0,,,0.021733,0.028964,,True,BothCorrect,Pipelines agree.
T2607125702,0.0,0.0,0.0,0.0,,,0.031772,0.007041,,True,BothCorrect,Pipelines agree.
T2608114750,0.0,0.0,0.0,0.0,,,0.304122,0.405339,,True,BothCorrect,Pipelines agree.
T2607062716,0.0,0.0,0.0,0.0,,,0.023082,0.005376,,True,BothCorrect,Pipelines agree.
T2608021959,0.0,0.0,1.0,0.0,,,0.72291,0.460571,,False,PyOnlyCorrect,"actual 0.0: Spark 1.0, Python 0.0"
T2607042839,0.0,0.0,0.0,0.0,,,0.030085,0.006531,,True,BothCorrect,Pipelines agree.
T2608055887,0.0,0.0,1.0,1.0,,,0.928375,0.837888,,True,BothWrong,Pipelines agree.
T2608089578,0.0,0.0,1.0,0.0,,,0.641072,0.380365,,False,PyOnlyCorrect,"actual 0.0: Spark 1.0, Python 0.0"
T2607157180,0.0,0.0,0.0,0.0,,,0.056439,0.359474,,True,BothCorrect,Pipelines agree.
T2607112817,0.0,0.0,0.0,0.0,,,0.024083,0.00016,,True,BothCorrect,Pipelines agree.
T2607099543,0.0,0.0,0.0,0.0,,,0.019375,0.51211,,True,BothCorrect,Pipelines agree.
T2608157299,0.0,0.0,0.0,0.0,,,0.031867,0.011306,,True,BothCorrect,Pipelines agree.
T2607050877,0.0,0.0,1.0,0.0,,,0.897639,0.029417,,False,PyOnlyCorrect,"actual 0.0: Spark 1.0, Python 0.0"
T2608057940,0.0,0.0,0.0,0.0,,,0.019895,6.3e-05,,True,BothCorrect,Pipelines agree.
T2608148550,0.0,0.0,0.0,0.0,,,0.02393,0.000155,,True,BothCorrect,Pipelines agree.
T2607121401,0.0,0.0,0.0,0.0,,,0.03537,0.002005,,True,BothCorrect,Pipelines agree.
T2608071962,0.0,0.0,0.0,0.0,,,0.021342,0.021659,,True,BothCorrect,Pipelines agree.
T2607119700,0.0,0.0,0.0,0.0,,,0.091117,0.09126,,True,BothCorrect,Pipelines agree.
T2607164124,0.0,0.0,0.0,0.0,,,0.033382,0.050799,,True,BothCorrect,Pipelines agree.
T2608004156,0.0,0.0,0.0,0.0,,,0.057688,0.038851,,True,BothCorrect,Pipelines agree.
T2608130592,0.0,0.0,1.0,1.0,,,0.545683,0.828299,,True,BothWrong,Pipelines agree.
T2608138491,0.0,0.0,0.0,0.0,,,0.249906,0.038315,,True,BothCorrect,Pipelines agree.
T2607118652,0.0,0.0,0.0,0.0,,,0.065669,0.000107,,True,BothCorrect,Pipelines agree.
T2608017182,0.0,0.0,1.0,0.0,,,0.593672,0.171942,,False,PyOnlyCorrect,"actual 0.0: Spark 1.0, Python 0.0"
T2608131937,0.0,0.0,0.0,0.0,,,0.02133,8e-06,,True,BothCorrect,Pipelines agree.
T2607125492,0.0,0.0,0.0,0.0,,,0.173047,0.205001,,True,BothCorrect,Pipelines agree.
