trip_id,spark_actual,spark_prediction,spark_probability
T2607081586,0.0,0.0,0.185177
T2607094878,0.0,0.0,0.021707
T2608002215,0.0,0.0,0.039719
T2607070161,1.0,1.0,0.807176
T2607158838,0.0,0.0,0.127841
T2607145569,0.0,0.0,0.023085
T2607078777,1.0,1.0,0.538085
T2608079042,0.0,0.0,0.021264
T2608076631,0.0,0.0,0.027421
T2608049181,0.0,0.0,0.226699
T2607095091,0.0,0.0,0.037899
T2608121958,0.0,0.0,0.152871
T2608062961,0.0,0.0,0.029526
T2607127955,0.0,1.0,0.827198
T2608118719,0.0,0.0,0.023227
T2608101943,0.0,1.0,0.778245
T2608074204,0.0,0.0,0.018051
T2608061544,0.0,0.0,0.026027
T2608015337,0.0,1.0,0.639849
T2607087936,0.0,0.0,0.173865
T2608047508,0.0,0.0,0.064289
T2607153854,0.0,0.0,0.220825
T2608074812,0.0,0.0,0.023085
T2608118441,0.0,0.0,0.045216
T2608115151,0.0,0.0,0.02356
T2607099305,0.0,0.0,0.021368
T2608076062,0.0,0.0,0.024347
T2608092213,0.0,0.0,0.02356
T2608138308,0.0,1.0,0.921766
T2608109231,0.0,0.0,0.42851
T2607121855,1.0,1.0,0.91129
T2608144211,0.0,0.0,0.303595
T2607043079,0.0,0.0,0.031589
T2607144402,0.0,0.0,0.025326
T2608080048,0.0,0.0,0.017695
T2607079804,0.0,0.0,0.161767
T2608002597,0.0,0.0,0.053907
T2608001570,0.0,0.0,0.298021
T2607067712,0.0,0.0,0.072601
T2607068907,0.0,0.0,0.021368
T2608140148,0.0,0.0,0.134895
T2607089055,0.0,1.0,0.759308
T2608096966,0.0,1.0,0.929916
T2608094002,0.0,0.0,0.021342
T2607155760,0.0,0.0,0.02552
T2608070160,0.0,1.0,0.803161
T2607113801,0.0,1.0,0.570462
T2608127202,1.0,1.0,0.915848
T2607150776,0.0,0.0,0.02133
T2608150157,0.0,0.0,0.07862
T2608035594,0.0,0.0,0.371145
T2608137329,0.0,0.0,0.022481
T2607121062,1.0,0.0,0.244753
T2608124396,0.0,1.0,0.807369
T2607144454,0.0,0.0,0.094835
T2608132720,0.0,0.0,0.076365
T2608154137,0.0,0.0,0.019789
T2608105510,0.0,0.0,0.021368
T2607148226,0.0,0.0,0.267475
T2608127597,1.0,1.0,0.899229
T2607059443,0.0,0.0,0.021832
T2607043354,0.0,0.0,0.015359
T2607051371,0.0,1.0,0.814106
T2607086121,0.0,0.0,0.260858
T2607044834,0.0,0.0,0.031387
T2608090915,0.0,0.0,0.131636
T2608025591,0.0,0.0,0.015897
T2608108406,0.0,0.0,0.023731
T2607058428,0.0,1.0,0.878189
T2608109879,0.0,0.0,0.021771
T2607152368,0.0,1.0,0.679279
T2607144327,0.0,0.0,0.045783
T2607161672,1.0,0.0,0.390551
T2607137868,0.0,0.0,0.111423
T2608160362,0.0,0.0,0.071836
T2608090061,0.0,0.0,0.156363
T2607050743,0.0,0.0,0.021305
T2608010714,1.0,1.0,0.587496
T2608161711,0.0,0.0,0.039551
T2608012124,0.0,0.0,0.219186
T2608133961,0.0,0.0,0.051655
T2607126644,0.0,0.0,0.02133
T2608020649,0.0,0.0,0.021305
T2608112346,0.0,0.0,0.071244
T2608039366,0.0,0.0,0.072618
T2607131868,0.0,0.0,0.021707
T2608071658,0.0,0.0,0.023583
T2608161693,1.0,1.0,0.877504
T2607085675,0.0,0.0,0.138101
T2608160111,0.0,0.0,0.147992
T2608036599,0.0,0.0,0.119818
T2607157795,0.0,0.0,0.039627
T2608119964,0.0,0.0,0.083413
T2608006559,0.0,0.0,0.02133
T2607153335,0.0,0.0,0.025397
T2608097739,0.0,0.0,0.079065
T2608087791,0.0,1.0,0.844126
T2607145717,0.0,0.0,0.085942
T2607161548,0.0,0.0,0.021368
T2607116624,0.0,1.0,0.923579
T2607082374,0.0,0.0,0.056674
T2608161888,0.0,0.0,0.226689
T2608004427,0.0,0.0,0.069642
T2608089718,0.0,0.0,0.358837
T2608067547,0.0,0.0,0.480032
T2607140300,0.0,1.0,0.740953
T2608014653,0.0,0.0,0.028677
T2608059204,1.0,1.0,0.845651
T2607073734,0.0,1.0,0.544772
T2607159128,0.0,0.0,0.02133
T2607056347,0.0,0.0,0.035496
T2608040179,0.0,0.0,0.021342
T2608073675,0.0,0.0,0.198714
T2608032528,0.0,0.0,0.491129
T2608129843,0.0,0.0,0.021855
T2608109657,0.0,0.0,0.067281
T2607134235,0.0,0.0,0.156409
T2608102271,0.0,0.0,0.187143
T2608044973,0.0,1.0,0.785645
T2608021127,0.0,0.0,0.139481
T2608044629,0.0,1.0,0.612795
T2607110550,1.0,1.0,0.888331
T2607069402,0.0,0.0,0.032201
T2607132746,0.0,1.0,0.905634
T2608116281,0.0,0.0,0.025766
T2608100428,0.0,0.0,0.057374
T2608038856,0.0,0.0,0.032636
T2608135798,1.0,1.0,0.933168
T2608070109,0.0,0.0,0.130148
T2607167596,0.0,0.0,0.026837
T2608031761,0.0,1.0,0.686628
T2608016897,0.0,0.0,0.021707
T2607039306,0.0,0.0,0.242123
T2608018006,0.0,0.0,0.02393
T2607043005,0.0,0.0,0.021342
T2608056562,0.0,0.0,0.335414
T2608066664,0.0,0.0,0.021233
T2608148660,0.0,0.0,0.021368
T2608065000,0.0,1.0,0.679842
T2608091778,0.0,0.0,0.021368
T2607161557,0.0,0.0,0.021368
T2607056929,0.0,0.0,0.024819
T2608087776,0.0,0.0,0.200737
T2607051844,0.0,0.0,0.460419
T2607107837,0.0,0.0,0.447879
T2608073074,1.0,0.0,0.344467
T2607159879,0.0,0.0,0.116663
T2608147246,0.0,0.0,0.021342
T2608135090,1.0,1.0,0.830916
T2607150478,0.0,0.0,0.051035
T2607146747,0.0,1.0,0.611849
T2608124140,0.0,0.0,0.038976
T2608147576,0.0,0.0,0.040206
T2608157084,0.0,0.0,0.021342
T2607054037,0.0,0.0,0.150239
T2607067733,0.0,0.0,0.061411
T2607138937,0.0,0.0,0.043829
T2608163427,0.0,0.0,0.071345
T2608035744,1.0,1.0,0.782246
T2608050040,1.0,1.0,0.953479
T2607098860,0.0,0.0,0.02133
T2607141710,0.0,0.0,0.021305
T2608048569,0.0,0.0,0.021305
T2608083665,0.0,0.0,0.034242
T2608130572,0.0,0.0,0.021745
T2607102775,0.0,0.0,0.091149
T2608079578,0.0,0.0,0.043993
T2608158589,1.0,1.0,0.932949
T2608117840,0.0,0.0,0.097081
T2607056307,0.0,0.0,0.041769
T2608102866,0.0,0.0,0.028828
T2607072232,0.0,0.0,0.028828
T2608035705,0.0,0.0,0.072063
T2608116162,0.0,0.0,0.013537
T2608143334,0.0,0.0,0.022559
T2607053991,0.0,0.0,0.022906
T2608131953,0.0,0.0,0.04658
T2608041365,0.0,0.0,0.32697
T2608018531,0.0,0.0,0.17449
T2608077937,0.0,0.0,0.027766
T2608090263,0.0,1.0,0.743931
T2607047355,1.0,1.0,0.942499
T2608162263,0.0,1.0,0.857803
T2608154584,0.0,0.0,0.040078
T2607090623,0.0,0.0,0.107239
T2608108985,0.0,0.0,0.100665
T2607121258,0.0,0.0,0.035699
T2607158103,0.0,1.0,0.77412
T2607159422,0.0,0.0,0.020674
T2608057747,0.0,0.0,0.015613
T2608159886,0.0,0.0,0.071329
T2607084438,1.0,1.0,0.624836
T2608079412,0.0,0.0,0.175291
T2608114573,0.0,0.0,0.02051
T2607099575,0.0,0.0,0.021368
T2608082982,0.0,0.0,0.031681
T2608012311,1.0,1.0,0.895738
T2607072086,0.0,0.0,0.023819
T2608158344,0.0,0.0,0.07252
T2607153613,0.0,0.0,0.134239
T2608115370,0.0,0.0,0.012601
T2608142455,0.0,0.0,0.021342
T2608035690,0.0,0.0,0.02393
T2608125539,0.0,0.0,0.034272
T2607093380,0.0,1.0,0.623231
T2608070653,0.0,0.0,0.034144
T2608019372,0.0,0.0,0.391273
T2607094302,0.0,0.0,0.216215
T2607061861,0.0,0.0,0.049212
T2608073582,0.0,0.0,0.09163
T2607138238,0.0,1.0,0.721879
T2607107541,0.0,0.0,0.080331
T2607084724,1.0,1.0,0.773791
T2607143565,0.0,0.0,0.381487
T2607145211,0.0,0.0,0.162629
T2608028061,1.0,1.0,0.704164
T2607090781,0.0,1.0,0.947321
T2608023138,0.0,0.0,0.029377
T2608126740,0.0,0.0,0.14391
T2607131735,0.0,0.0,0.034911
T2607129335,0.0,0.0,0.179598
T2608088994,0.0,0.0,0.02133
T2607115493,1.0,1.0,0.906714
T2607048530,0.0,0.0,0.294284
T2607061546,0.0,1.0,0.989904
T2607104552,1.0,1.0,0.588009
T2608135766,0.0,0.0,0.236932
T2608089883,0.0,0.0,0.202017
T2608154425,0.0,0.0,0.027631
T2608151930,1.0,1.0,0.920057
T2607055763,0.0,0.0,0.044404
T2608121052,0.0,0.0,0.497392
T2607075552,0.0,0.0,0.390003
T2607112927,0.0,0.0,0.026009
T2607092062,0.0,0.0,0.021368
T2607066661,1.0,1.0,0.933636
T2608157182,0.0,0.0,0.021771
T2608114828,0.0,0.0,0.103965
T2607156537,0.0,0.0,0.040245
T2607103565,0.0,0.0,0.024005
T2608051819,0.0,0.0,0.013055
T2607070305,0.0,0.0,0.02963
T2607078384,0.0,0.0,0.021368
T2608048667,0.0,0.0,0.022938
T2607116234,1.0,1.0,0.80988
T2608134382,0.0,0.0,0.026984
T2608032319,0.0,0.0,0.021305
T2608080165,0.0,0.0,0.052379
T2607112161,0.0,0.0,0.021855
T2607120523,0.0,0.0,0.075554
T2607095723,0.0,0.0,0.022283
T2607067546,0.0,0.0,0.022422
T2607050648,0.0,0.0,0.095635
T2608054633,0.0,0.0,0.029969
T2608002231,0.0,0.0,0.087762
T2608074060,0.0,0.0,0.059183
T2608096108,0.0,0.0,0.022776
T2608065777,0.0,1.0,0.684779
T2608086217,0.0,0.0,0.27579
T2608043318,0.0,0.0,0.014678
T2607151010,0.0,0.0,0.080317
T2608004232,0.0,0.0,0.013176
T2608145010,0.0,0.0,0.077338
T2607102637,0.0,0.0,0.176043
T2607063626,0.0,0.0,0.012374
T2608082530,0.0,0.0,0.022395
T2607062283,0.0,0.0,0.100143
T2608001695,0.0,0.0,0.040589
T2608085576,0.0,0.0,0.04627
T2608066584,0.0,0.0,0.134394
T2608101675,0.0,0.0,0.050738
T2607133140,0.0,0.0,0.025634
T2607158524,0.0,0.0,0.048024
T2608039616,0.0,0.0,0.178115
T2607156019,0.0,0.0,0.038326
T2608128045,0.0,0.0,0.390607
T2608050430,0.0,0.0,0.021342
T2608104596,0.0,1.0,0.899021
T2608143418,0.0,0.0,0.021342
T2608117505,0.0,0.0,0.031374
T2607058984,0.0,0.0,0.071284
T2608052212,0.0,0.0,0.027323
T2608083372,0.0,0.0,0.18803
T2607153928,1.0,0.0,0.058287
T2607135754,0.0,0.0,0.040929
T2607137549,0.0,0.0,0.018189
T2608104033,0.0,0.0,0.31815
T2607158258,0.0,0.0,0.078763
T2607061609,0.0,0.0,0.038637
T2608133229,1.0,1.0,0.861907
T2608104144,0.0,0.0,0.047056
T2608106756,0.0,0.0,0.112495
T2608059119,0.0,0.0,0.219614
T2608109118,0.0,0.0,0.021368
T2607056069,0.0,0.0,0.08904
T2608070243,0.0,0.0,0.335262
T2607041459,0.0,1.0,0.773544
T2607131582,0.0,0.0,0.025147
T2607093168,0.0,0.0,0.019906
T2607083046,0.0,0.0,0.023736
T2608087888,0.0,1.0,0.505445
T2607119598,0.0,0.0,0.034508
T2607135004,0.0,0.0,0.018009
T2608096493,0.0,0.0,0.02133
T2608010236,0.0,0.0,0.023519
T2608140351,0.0,1.0,0.910965
T2607163983,0.0,0.0,0.152953
T2607079962,0.0,0.0,0.02393
T2608095618,0.0,0.0,0.090383
T2608048408,0.0,1.0,0.712404
T2607069936,0.0,0.0,0.050631
T2607056600,0.0,0.0,0.018225
T2608080342,0.0,0.0,0.035577
T2607160833,0.0,0.0,0.021342
T2607084467,0.0,1.0,0.612809
T2607043149,0.0,0.0,0.026149
T2607062798,0.0,0.0,0.015503
T2607048594,0.0,1.0,0.626857
T2608108319,0.0,1.0,0.916575
T2608113055,0.0,0.0,0.066129
T2608049605,1.0,0.0,0.262232
T2608132369,0.0,0.0,0.410321
T2608017266,0.0,0.0,0.465479
T2608134107,0.0,0.0,0.021305
T2608091785,0.0,0.0,0.048815
T2607138644,0.0,0.0,0.298547
T2607095546,0.0,0.0,0.021368
T2608159169,0.0,0.0,0.037876
T2607082527,0.0,0.0,0.030609
T2607118397,0.0,0.0,0.04239
T2608083787,0.0,0.0,0.06488
T2607131642,0.0,0.0,0.078269
T2608123284,1.0,0.0,0.138061
T2608049043,0.0,0.0,0.479774
T2608012536,0.0,0.0,0.02356
T2608011191,0.0,0.0,0.097671
T2608142972,0.0,0.0,0.074086
T2608002660,0.0,0.0,0.058486
T2607041863,0.0,1.0,0.812634
T2607138065,0.0,0.0,0.044613
T2607140532,0.0,0.0,0.023519
T2608055765,0.0,0.0,0.135677
T2607152961,0.0,0.0,0.027501
T2607118742,0.0,0.0,0.177584
T2607152269,0.0,0.0,0.095255
T2607133169,0.0,1.0,0.828564
T2608120605,0.0,0.0,0.174656
T2607098289,0.0,0.0,0.079034
T2608153245,0.0,0.0,0.018785
T2607057157,0.0,0.0,0.021707
T2608137955,0.0,0.0,0.090357
T2608013472,0.0,0.0,0.39849
T2608048204,0.0,0.0,0.115423
T2608015017,0.0,0.0,0.290834
T2608092309,0.0,0.0,0.030338
T2607145415,1.0,1.0,0.907184
T2608133858,0.0,0.0,0.047362
T2608117446,0.0,0.0,0.034253
T2607040769,1.0,1.0,0.752923
T2607102832,0.0,0.0,0.31735
T2607136334,0.0,0.0,0.01695
T2608150672,0.0,0.0,0.068364
T2608013113,0.0,0.0,0.021342
T2607050831,0.0,0.0,0.061764
T2607056243,0.0,0.0,0.025461
T2608087475,0.0,0.0,0.124898
T2607140019,0.0,0.0,0.03626
T2608148271,0.0,0.0,0.031152
T2608070847,0.0,0.0,0.031752
T2608033354,0.0,1.0,0.635133
T2608089243,0.0,0.0,0.094985
T2608155215,0.0,0.0,0.024338
T2607093101,0.0,1.0,0.58688
T2608073963,0.0,0.0,0.01856
T2608068168,0.0,0.0,0.019447
T2607053518,0.0,0.0,0.381706
T2607113663,0.0,0.0,0.053984
T2608106497,0.0,0.0,0.068617
T2607053887,0.0,0.0,0.021342
T2607167047,0.0,0.0,0.022422
T2607109425,0.0,0.0,0.026452
T2608110731,0.0,0.0,0.092051
T2607151084,1.0,1.0,0.921343
T2607157656,0.0,0.0,0.022776
T2608005435,0.0,0.0,0.041991
T2608119114,0.0,0.0,0.159185
T2608011697,1.0,1.0,0.846735
T2607074307,0.0,1.0,0.874065
T2608007603,0.0,0.0,0.021342
T2608146398,0.0,0.0,0.021305
T2607055784,0.0,0.0,0.212555
T2608010229,0.0,1.0,0.810244
T2607113752,0.0,0.0,0.060965
T2607166413,0.0,0.0,0.060955
T2608090840,0.0,0.0,0.0681
T2608140257,1.0,1.0,0.933635
T2607088427,1.0,1.0,0.905042
T2607162920,0.0,1.0,0.867225
T2608021618,0.0,1.0,0.561083
T2608066064,0.0,0.0,0.06361
T2607162498,0.0,0.0,0.057927
T2607146044,0.0,0.0,0.236962
T2608121843,1.0,1.0,0.781293
T2607125550,0.0,1.0,0.597937
T2608130685,0.0,0.0,0.034592
T2607065485,0.0,1.0,0.660052
T2608112030,0.0,0.0,0.043621
T2608109545,0.0,0.0,0.432902
T2608134669,0.0,0.0,0.023448
T2608023613,0.0,0.0,0.12019
T2607040929,1.0,0.0,0.257725
T2608163045,0.0,0.0,0.03085
T2607040163,0.0,0.0,0.14595
T2607141811,0.0,0.0,0.063295
T2608044230,0.0,0.0,0.021086
T2608054873,0.0,0.0,0.0354
T2608020669,0.0,0.0,0.01542
T2607120320,0.0,0.0,0.273965
T2608117271,0.0,0.0,0.022383
T2607137602,0.0,0.0,0.014947
T2607108037,0.0,0.0,0.020241
T2608094511,0.0,0.0,0.0233
T2607075646,0.0,0.0,0.02133
T2607072206,0.0,1.0,0.526376
T2607045986,0.0,0.0,0.017744
T2607058864,0.0,0.0,0.017032
T2607059631,0.0,0.0,0.01922
T2608135525,0.0,1.0,0.832629
T2607157176,0.0,0.0,0.098487
T2607045417,0.0,0.0,0.043649
T2608010859,0.0,1.0,0.545532
T2608112846,0.0,0.0,0.013418
T2607053275,0.0,1.0,0.926779
T2608127277,0.0,0.0,0.023603
T2608011815,0.0,1.0,0.666545
T2608123844,0.0,0.0,0.048781
T2608112240,0.0,0.0,0.02133
T2608104797,0.0,1.0,0.686905
T2608074058,0.0,0.0,0.004009
T2607069888,0.0,0.0,0.01986
T2607143898,0.0,0.0,0.324113
T2607128327,0.0,0.0,0.02356
T2608020481,0.0,0.0,0.021305
T2607066698,1.0,1.0,0.670594
T2608040520,0.0,0.0,0.119651
T2607118584,0.0,0.0,0.025863
T2607071744,0.0,0.0,0.048061
T2608066347,0.0,0.0,0.021707
T2607115669,0.0,1.0,0.870326
T2607142542,0.0,0.0,0.205379
T2608072809,0.0,0.0,0.037254
T2608052459,0.0,0.0,0.09997
T2608135999,0.0,1.0,0.663063
T2607103458,0.0,0.0,0.02133
T2607068765,0.0,0.0,0.017996
T2608042027,0.0,0.0,0.026683
T2607050429,0.0,1.0,0.843357
T2607157833,0.0,0.0,0.035879
T2607057316,1.0,0.0,0.029195
T2608045875,0.0,0.0,0.014513
T2607064754,0.0,0.0,0.201229
T2607140204,0.0,0.0,0.023603
T2608146441,0.0,0.0,0.068471
T2607145250,0.0,0.0,0.228142
T2608059897,0.0,1.0,0.625024
T2608135232,0.0,0.0,0.021368
T2607040947,1.0,1.0,0.950778
T2607112625,0.0,0.0,0.021368
T2607136436,0.0,0.0,0.021305
T2607149487,0.0,0.0,0.493281
T2607161614,0.0,0.0,0.034008
T2608163271,1.0,1.0,0.920877
T2608130165,1.0,1.0,0.773985
T2607040429,1.0,1.0,0.74605
T2608100725,0.0,0.0,0.021733
T2607125702,0.0,0.0,0.031772
T2608114750,0.0,0.0,0.304122
T2607062716,0.0,0.0,0.023082
T2608021959,0.0,1.0,0.72291
T2607042839,0.0,0.0,0.030085
T2608055887,0.0,1.0,0.928375
T2608089578,0.0,1.0,0.641072
T2607157180,0.0,0.0,0.056439
T2607112817,0.0,0.0,0.024083
T2607099543,0.0,0.0,0.019375
T2608157299,0.0,0.0,0.031867
T2607050877,0.0,1.0,0.897639
T2608057940,0.0,0.0,0.019895
T2608148550,0.0,0.0,0.02393
T2607121401,0.0,0.0,0.03537
T2608071962,0.0,0.0,0.021342
T2607119700,0.0,0.0,0.091117
T2607164124,0.0,0.0,0.033382
T2608004156,0.0,0.0,0.057688
T2608130592,0.0,1.0,0.545683
T2608138491,0.0,0.0,0.249906
T2607118652,0.0,0.0,0.065669
T2608017182,0.0,1.0,0.593672
T2608131937,0.0,0.0,0.02133
T2607125492,0.0,0.0,0.173047
