route_id,service_date,spark_actual,spark_prediction
R037,2026-07-29,2295.0,2195.4982199413257
R052,2026-07-09,1249.0,1244.853440743282
R015,2026-08-15,1047.9130434782608,1160.6105840536484
R003,2026-07-19,4721.538461538462,6252.550725366862
R009,2026-07-15,1728.7719298245613,1963.1296069387856
R051,2026-08-11,923.1212121212121,682.2666462900544
R088,2026-07-20,328.72727272727275,302.2604423516657
R020,2026-07-29,5051.274509803921,4587.649112839284
R051,2026-07-08,569.030303030303,638.7319529074945
R108,2026-07-15,522.0,646.4239400753972
R030,2026-07-13,477.0,546.4595740624725
R041,2026-07-09,1660.0,1396.580765854621
R050,2026-07-10,759.0,868.0688529568838
R024,2026-08-20,5539.322033898306,5813.385335411374
R018,2026-07-21,2121.1428571428573,2000.9886304687666
R104,2026-07-15,451.0,432.5070597057191
R052,2026-07-23,1216.0,1179.7896294666657
R090,2026-08-29,426.0,437.0205601971838
R106,2026-08-03,917.6,802.4744338711677
R029,2026-08-03,2788.5,2436.0124315717358
R080,2026-08-23,490.0,516.0018722441205
R007,2026-08-22,1045.0,1071.2099094800242
R067,2026-08-11,581.0,518.1220270037326
R103,2026-08-17,716.0,637.9373606035836
R051,2026-07-31,861.6363636363636,550.1308496155535
R008,2026-08-03,3365.78125,2512.7447725397224
R118,2026-07-16,186.92307692307693,3102.7153683629767
R003,2026-07-30,13010.59829059829,13028.426537812264
R111,2026-08-14,497.0,1490.0944277343174
R032,2026-08-13,2535.0,3302.644560040827
R053,2026-08-03,1246.56,1173.0770955115693
R007,2026-08-26,2026.0,1836.002940483669
R108,2026-08-03,687.0,589.3356925687171
R118,2026-08-13,285.0,2989.544798490142
R047,2026-07-19,581.3809523809524,782.2252829090831
R046,2026-08-26,1542.625,1484.0241587695464
R015,2026-08-19,1599.6610169491526,1917.9962855484237
R089,2026-08-20,721.0,731.8324047270584
R111,2026-07-31,1198.5365853658536,1367.8311055629863
R109,2026-08-08,406.0,440.44034507310477
R104,2026-08-13,491.0,516.9821408659889
R059,2026-08-15,398.0,289.23147184884175
R030,2026-07-25,333.0,341.62185780365536
R048,2026-08-20,272.0,267.37411515222016
R002,2026-08-25,14578.539130434783,13468.607662669378
R062,2026-08-03,2072.0,1796.1884074493219
R018,2026-08-31,2230.1190476190477,2249.65349664043
R086,2026-07-17,1021.3170731707316,1252.6073787490182
R055,2026-08-12,673.0000000000001,728.5136292058532
R108,2026-08-09,272.0,324.79456751822454
R072,2026-07-18,288.0,404.9291619124653
R025,2026-07-16,3063.75,2738.1574172749947
R016,2026-08-21,4512.0,3998.635029036647
R026,2026-08-31,3618.0,3533.2867266829835
R035,2026-08-22,936.0,967.1057368711503
R045,2026-08-31,831.8048780487804,749.9800432597558
R088,2026-08-16,144.28571428571428,183.80628484818422
R113,2026-08-31,2393.830508474576,1932.2398034126682
R037,2026-08-05,2288.0,2292.299976095433
R095,2026-08-16,173.99999999999997,266.91051536774967
R065,2026-07-12,898.0,872.7822520553068
R096,2026-08-24,873.0,771.0947431037671
R042,2026-08-31,1434.0000000000002,1673.3186258410583
R086,2026-07-12,618.0,770.676909432409
R064,2026-07-21,652.0,712.6585871805203
R113,2026-08-25,1877.084745762712,2075.8299226113795
R007,2026-07-20,1833.0,1595.9845551039302
R039,2026-08-15,884.0,551.6202910623721
R040,2026-07-11,723.4782608695652,765.62951564115
R005,2026-07-18,1695.0,2110.5801591653626
R010,2026-08-25,2626.0,2562.201636841911
R036,2026-08-12,3878.0,3721.677167436755
R054,2026-08-16,1271.0,1138.1299491427253
R071,2026-07-29,1171.0,1278.0109987485077
R016,2026-07-19,1858.9999999999998,2283.709707634026
R008,2026-08-27,2925.0,2766.2776796047046
R112,2026-07-24,499.85185185185185,471.6814432128881
R030,2026-07-20,498.0,530.31251881854
R031,2026-08-04,6269.0,6418.748723728973
R117,2026-08-09,733.3333333333334,849.527863884909
R060,2026-08-10,2280.1290322580644,1910.7760758080924
R036,2026-08-17,4117.272727272727,3852.8617666827677
R044,2026-08-13,1333.0,1464.6902428987041
R110,2026-08-04,678.0,719.7115440187433
R113,2026-07-14,2097.8688524590166,1765.6270651506075
R084,2026-07-12,426.0,536.208786550122
R001,2026-08-06,17242.166666666668,14030.858169945746
R072,2026-07-19,275.0,318.9317585542461
R108,2026-07-18,324.76190476190476,427.8204326943021
R021,2026-08-24,1147.9333333333334,1061.733728528681
R011,2026-08-19,6801.0,5937.159601700666
R011,2026-07-21,6687.0,6138.311963519496
R013,2026-07-24,889.9833333333333,1018.6643923897568
R043,2026-08-13,954.5641025641025,1049.0935656392023
R022,2026-07-25,503.90476190476187,529.9242367290128
R024,2026-08-02,3576.1000000000004,3362.1856442633893
R088,2026-07-13,289.45454545454544,298.7496725126656
R078,2026-08-23,226.0,204.34235373466305
R073,2026-08-19,2258.8125,1774.349295078498
R092,2026-08-21,200.0,252.5255347068425
R109,2026-08-25,696.8888888888889,648.9813485617791
R023,2026-08-09,1205.0238095238096,1780.142972656752
R082,2026-07-18,199.0,270.43410690450355
R060,2026-08-20,1968.0,1925.2550600282887
R035,2026-07-10,1273.0,1319.9126937304477
R003,2026-08-09,4692.205128205128,6750.872492866013
R064,2026-07-30,665.8536585365854,611.6815425336409
R037,2026-08-30,1114.1379310344828,1200.7877456515478
R057,2026-07-18,217.84615384615384,346.8047803222719
R037,2026-08-29,1516.0,1797.9993616329164
R067,2026-08-28,515.0,464.89543387428444
R060,2026-08-30,687.2727272727273,960.7594344914532
R095,2026-07-10,363.0,461.8114466317569
R011,2026-08-24,6657.876923076923,6307.519599020981
R058,2026-08-21,1305.0,1353.878572782547
R064,2026-07-15,574.0,677.6366766851579
R005,2026-08-10,3701.0,3446.905476278179
R034,2026-07-24,4472.338983050848,4370.45864254839
R092,2026-08-28,203.0,252.5255347068425
R035,2026-07-08,1015.775,1383.4274509054112
R099,2026-08-01,182.0,260.42099179774937
R082,2026-07-28,485.0,430.20375859939736
R078,2026-07-30,365.99999999999994,350.3261711256905
R055,2026-08-08,462.0,429.64991949611164
R051,2026-07-20,763.4117647058823,611.3217273185463
R078,2026-07-26,129.0,191.97407554390918
R118,2026-08-08,153.0,1748.9482973522101
R038,2026-07-28,1491.0,1797.5716030842898
R032,2026-08-25,3253.84126984127,3418.389152488931
R099,2026-07-31,334.0,350.6630242801528
R090,2026-07-29,592.7586206896551,545.4071585110997
R114,2026-08-26,736.0000000000001,744.2648978269721
R044,2026-08-10,1964.0,1474.51882924061
R096,2026-07-16,922.0,749.4838719769058
R084,2026-07-08,922.0,1052.9662433360788
R090,2026-07-13,519.0,595.4473442548665
R003,2026-08-19,12467.64705882353,14298.000611482792
R074,2026-07-08,1454.9999999999998,1516.675210175873
R037,2026-08-04,2333.560975609756,2281.420456531441
R118,2026-08-07,325.0,2593.1554075834997
R062,2026-07-15,1492.0,1538.8748066725163
R017,2026-08-24,3145.0,2880.409835658119
R051,2026-07-13,570.0,650.7552106158776
R073,2026-07-30,1584.1875,1772.8874354073655
R114,2026-07-23,842.0,707.1993766281864
R047,2026-07-14,1585.1612903225807,1483.746100946736
R089,2026-07-15,640.0,762.3919211939381
R072,2026-07-12,268.0,309.77801263504523
R070,2026-08-17,2330.0,2332.258001652824
R042,2026-08-05,1526.0,1606.0994166895125
R016,2026-08-28,4296.0,4425.533332305263
R098,2026-08-14,84.0,254.31405226284957
R052,2026-07-30,1183.0,1229.963389949939
R013,2026-08-09,411.7948717948718,594.8749630866936
R092,2026-07-09,248.99999999999997,291.4254224013998
R039,2026-07-17,845.0,996.1760629645992
R011,2026-07-13,6114.0,5999.76674972633
R080,2026-07-19,517.0,468.31147555388384
R082,2026-07-12,163.0,221.51743113950255
R103,2026-08-31,689.7857142857142,706.1986300347456
R061,2026-08-25,2389.0,2802.2912403144956
R103,2026-07-23,585.0,595.8403982008309
R063,2026-07-28,578.0,576.9327186907235
R013,2026-07-17,859.3220338983051,1108.4878679661883
R096,2026-08-10,770.0,802.6848898637238
R067,2026-08-05,484.0,521.5152725019519
R020,2026-08-31,5938.68,5487.175575863257
R063,2026-07-14,705.0,590.8689312463971
R032,2026-07-31,3333.0,2721.16334213887
R027,2026-07-15,1068.9411764705883,1632.0609645795246
R046,2026-08-31,1620.0,1531.0861421386599
R057,2026-07-17,448.4117647058823,515.1513635872155
R016,2026-08-30,2510.0,2567.268376005415
R079,2026-08-27,945.0,1159.1651917608779
R048,2026-07-26,115.0,183.80628484818422
R098,2026-08-11,227.0,280.0255987292142
R012,2026-08-04,2364.0,2312.9886540646844
R017,2026-08-31,3394.4307692307693,2998.1824440133782
R025,2026-07-29,3217.5,2691.022237414856
R007,2026-07-28,2070.0,1728.7674296813213
R026,2026-08-29,2224.0,2135.3135742012287
R050,2026-07-20,1030.0,863.2063936870696
R094,2026-08-16,220.0,247.37029806974581
R117,2026-08-25,2003.7931034482758,2516.9992893182102
R037,2026-07-13,2127.0,2260.703205078948
R037,2026-07-11,1408.0,1520.54746260594
R024,2026-07-21,5822.896551724138,6161.300831212796
R001,2026-07-31,11525.145299145299,12622.88439957648
R078,2026-08-12,531.0,446.14970252926696
R076,2026-08-02,429.0,506.24791581225657
R028,2026-08-02,1925.0,2100.4945967671815
R043,2026-08-03,1266.0,973.2466980481075
R036,2026-07-28,3907.2727272727275,3903.7042908284416
R097,2026-08-15,728.0,620.0591713543137
R091,2026-07-31,289.33333333333337,392.7002468518211
R114,2026-08-21,663.0,558.7263845918478
R043,2026-08-29,687.0,625.3219127516765
R112,2026-08-23,258.0,305.47378293808356
R112,2026-07-23,622.0,499.21669699287196
R022,2026-08-12,1042.7636363636364,794.268529604915
R055,2026-08-10,823.0749999999999,650.747327968998
R036,2026-08-10,4072.7272727272725,3854.8889260100614
R021,2026-08-19,1075.0169491525423,1025.935370134045
R045,2026-08-16,289.0,321.8266254722178
R088,2026-07-29,336.0,317.76569911671896
R105,2026-08-13,656.0,727.0788716820738
R075,2026-08-27,1212.0,1181.2554551449573
R070,2026-08-15,1838.0000000000002,1492.855291266192
R025,2026-08-13,2685.849056603774,2977.063855784078
R080,2026-08-09,462.0,506.19785577518763
R097,2026-07-30,981.0,1001.8625641921784
R034,2026-08-16,2421.128205128205,2524.8731419731907
R024,2026-08-27,5932.3,6038.5615197151365
R011,2026-08-09,2627.0,3118.883746451863
R013,2026-07-13,1082.8474576271185,1091.9650088749931
R047,2026-07-12,726.6666666666666,709.8172956559961
R062,2026-08-31,1887.0,1752.8487532482914
R014,2026-08-18,2734.0,1869.1727994371076
R032,2026-08-17,3400.0,3089.8186007602662
R028,2026-07-14,4428.0,4015.7489389972175
R075,2026-07-19,575.0,620.4750659211539
R007,2026-07-17,1229.0,1403.1213833224815
R041,2026-08-26,1821.0,1680.5189689274207
R039,2026-08-19,1138.0975609756097,1187.3153560617793
R022,2026-08-21,605.0,682.9956545899811
R070,2026-07-12,1052.0,1084.0157247444306
R054,2026-08-06,2658.7878787878785,2372.0206673986504
R031,2026-08-19,6420.0,6282.760058063796
R004,2026-08-13,14549.451612903225,15546.338258289898
R008,2026-08-12,2975.0,2982.9466900788457
R075,2026-07-30,1158.0,1297.4864495205081
R061,2026-08-27,2202.0,2630.8383940536364
R029,2026-07-16,2488.075471698113,2470.4095388142505
R056,2026-08-01,778.24,823.9613387603389
R075,2026-07-11,764.0,817.8580086600098
R117,2026-08-12,2169.6833333333334,2589.7962535001448
R011,2026-07-11,3885.0,4012.4970014495425
R072,2026-07-25,376.0,474.47288996328257
R042,2026-08-24,1774.0,1661.9811762656907
R004,2026-08-21,14603.90625,13982.726410997386
R070,2026-07-10,1547.0,1920.378881526087
R059,2026-08-21,437.0,366.48512130291374
R025,2026-08-27,2932.5,3196.9880321707233
R062,2026-08-22,1105.0,1021.6198550496244
R106,2026-08-12,775.0,818.4171529825151
R061,2026-07-19,1338.0,1245.1189482569666
R024,2026-07-13,5927.9,6314.195033293675
R042,2026-08-06,1827.5121951219514,1572.7803452903183
R076,2026-08-30,468.0,503.4966824192831
R004,2026-07-27,13670.5,16075.758331212299
R103,2026-08-23,277.0,311.28348342819635
R055,2026-08-28,608.4878048780488,583.8829839279947
R060,2026-07-19,628.6363636363636,917.009267305441
R093,2026-07-17,186.0,254.31405226284957
R017,2026-08-28,2887.0,2456.2043151515168
R086,2026-07-08,1284.0,1417.5840853049451
R080,2026-08-25,1179.0,1160.9409431869722
R066,2026-07-09,1300.0,984.0867411108907
R011,2026-07-26,2470.0,3370.5763492743213
R035,2026-07-15,1325.0,1314.47182855914
R104,2026-07-10,327.0,383.2064671771342
R079,2026-08-04,1074.6969696969697,1149.4709320479667
R111,2026-08-20,1184.0,1445.390901896218
R086,2026-08-29,955.0,1147.8314820051894
R112,2026-07-11,341.0,393.22691137337307
R014,2026-07-29,1880.0,1725.223203419419
R061,2026-07-14,2633.0,2606.2954099493204
R100,2026-08-25,632.0,570.1869106637431
R033,2026-08-28,4065.0,3724.4230763900223
R061,2026-08-17,2819.0,2700.043597140636
R095,2026-07-09,586.0,505.35785889459277
R093,2026-08-26,239.99999999999997,289.0945820408778
R064,2026-08-12,756.0,684.4709595309505
R040,2026-08-29,811.25,866.5612051657743
R029,2026-07-27,2360.1698113207544,2511.989675176775
R011,2026-08-25,6258.0,6329.5456438723595
R113,2026-08-22,1284.8,1263.7028659920945
R108,2026-07-17,545.0,581.851430344075
R086,2026-08-21,1297.6499999999999,1314.3355177427811
R118,2026-08-15,214.2777777777778,1734.6344490423207
R043,2026-08-27,983.0,976.0743904489543
R020,2026-08-14,2065.7894736842104,4738.782336818846
R016,2026-07-30,4637.0,4417.271526202967
R013,2026-07-31,828.1639344262296,1027.9775141892164
R033,2026-07-21,4391.5625,3942.1854173323045
R062,2026-08-10,2062.0,1782.2425492751527
R079,2026-08-12,1345.235294117647,998.0093570472741
R014,2026-07-19,834.0,815.1932248724264
R099,2026-07-19,170.0,189.6009691595611
R073,2026-07-28,1844.0625,1798.2884172534732
R085,2026-08-24,1111.0,843.1232614051123
R068,2026-07-31,1050.0,1335.7578077192923
R088,2026-08-13,192.0,302.0565029761164
R005,2026-07-19,1359.906976744186,1563.835270187144
R022,2026-07-10,572.7358490566038,759.2483232658882
R001,2026-07-14,16163.478632478633,13989.734810192762
R007,2026-08-10,1840.0,1848.971312120959
R070,2026-08-26,2476.0,2236.7179192359813
R091,2026-07-12,146.66666666666666,207.79473435416108
R109,2026-08-31,630.0,674.7110093882709
R082,2026-07-14,397.0,443.54858901078774
R110,2026-08-05,670.0,742.2504398910309
R060,2026-08-15,1473.3333333333333,1300.4018429458517
R110,2026-08-12,782.0,720.5030438377532
R092,2026-08-17,292.0,268.95977376596863
R077,2026-07-29,698.0,613.2966343365271
R033,2026-07-29,4921.0,3988.6453579301683
R115,2026-07-31,409.5,469.75679678384296
R047,2026-07-15,1119.0967741935483,1437.8687066624218
R001,2026-07-30,14548.084745762711,13984.438470780777
R117,2026-08-17,2123.5593220338983,2386.628524812382
R013,2026-07-15,951.5,1087.085771031031
R001,2026-08-07,13739.129310344828,13508.32368558596
R091,2026-08-29,242.0,281.8687770702456
R088,2026-08-02,168.57142857142858,183.80628484818422
R106,2026-07-29,775.6190476190476,803.8179656112575
R038,2026-08-23,850.4347826086957,891.6550916991988
R037,2026-07-16,2588.0,2303.022518452325
R051,2026-08-13,691.7647058823529,738.1418086074519
R027,2026-08-04,1774.08,1874.0541900653889
R097,2026-07-10,839.0,966.6263553859145
R071,2026-08-08,793.0,834.9314908575554
R022,2026-08-20,718.7272727272726,788.6161179253123
R018,2026-08-17,2593.809523809524,1970.766354961302
R040,2026-07-10,845.4193548387096,981.7767793335535
R053,2026-08-07,1160.25,1164.1434681796918
R056,2026-08-18,1394.1290322580646,1324.0136030243311
R094,2026-07-25,254.0,285.0660068635469
R032,2026-07-12,1584.0,1498.869646483532
R085,2026-07-16,775.0,762.6278924499231
R004,2026-08-16,7431.809523809524,7397.489488042316
R064,2026-07-09,669.0,603.5690211833829
R108,2026-08-18,670.3448275862069,682.4516953002144
R058,2026-08-12,1552.0,1539.9619108416016
R080,2026-08-28,958.0,890.7713063575217
R041,2026-08-17,1775.2682926829268,1673.3616597660587
R088,2026-08-18,352.0,302.2604423516657
R055,2026-07-09,665.0,620.7536905052849
R023,2026-07-16,3609.0,3403.5425890118636
R022,2026-07-27,668.5555555555555,793.9840921790654
R019,2026-08-13,2715.9,2778.130995840602
R094,2026-07-28,476.0,456.251645569984
R105,2026-07-21,738.0,714.2688876700087
R073,2026-08-29,1245.3333333333333,1382.3228173982498
R015,2026-08-29,1032.0869565217392,1260.503518215118
R052,2026-07-14,1369.0,1154.4636444833466
R073,2026-08-03,1831.3333333333333,1702.454291656954
R012,2026-07-21,2357.723076923077,2266.1261604414863
R076,2026-07-20,983.9999999999999,912.910518819938
R014,2026-07-11,1143.0,1191.2509930892263
R118,2026-08-03,292.0,2964.3747423410778
R043,2026-08-30,413.0,539.5730886106601
R098,2026-08-16,88.0,183.80628484818422
R047,2026-07-10,1224.8275862068965,1419.8165558497133
R068,2026-08-19,1472.0000000000002,1527.2399233322597
R053,2026-07-19,550.7368421052631,548.4828757904229
R023,2026-08-10,3661.0,3576.173961173341
R069,2026-08-29,667.2333333333333,636.2930108399751
R052,2026-07-26,462.41379310344826,622.4345102914324
R105,2026-07-27,615.0,670.7099511345223
R027,2026-08-17,2209.68,1782.8069882884126
R105,2026-08-05,682.0,646.2271258404072
R073,2026-07-24,1442.4375,1497.2625271091695
R103,2026-08-14,254.0,616.6144604219711
R010,2026-08-11,2786.0,2461.4620041100097
R073,2026-07-21,1937.5806451612902,1844.6366378659957
R104,2026-07-18,241.0,288.86233463759856
R014,2026-07-15,1308.0,1718.7971515501144
R019,2026-08-11,3803.050847457627,2703.621137648265
R031,2026-07-13,5939.0,6373.704797657177
R028,2026-08-15,2900.740740740741,2683.2720836805743
R118,2026-07-19,84.00000000000001,1822.2545898030396
R039,2026-08-05,1004.4324324324324,1000.7640535616264
R118,2026-08-16,135.0,1722.7054459773335
R113,2026-07-25,1108.6530612244899,1186.3584029724773
R043,2026-07-28,1142.1951219512196,1018.8161056638238
R020,2026-08-01,3192.0769230769233,3436.3249994371963
R023,2026-07-25,2117.0,2191.7158667943017
R050,2026-08-31,1253.575,1257.2233555814937
R029,2026-07-08,2395.566037735849,2258.136485862545
R043,2026-08-17,1425.0,993.2273495621365
R023,2026-08-16,1323.0,2019.2965757675076
R022,2026-08-01,502.66666666666663,532.9979077315625
R096,2026-08-06,759.0,771.634692658587
R108,2026-07-16,649.6551724137931,628.124196730912
R093,2026-07-11,105.0,199.41597416017737
R082,2026-07-21,436.390243902439,403.74474585773896
R107,2026-08-11,955.0,921.9492167057771
R114,2026-08-06,880.0,776.8406037702229
R106,2026-08-01,519.8000000000001,539.28342271546
R091,2026-08-05,474.00000000000006,344.7956912748609
R067,2026-07-15,594.0,518.8683545138927
R054,2026-08-05,2675.9032258064517,2154.15105315017
R005,2026-07-08,2472.4615384615386,3177.1453641484713
R015,2026-08-30,806.6666666666666,899.9228621984928
R096,2026-08-05,770.5714285714287,729.2704158026709
R075,2026-07-31,1209.0,1063.1798309677056
R037,2026-07-20,2734.0,2171.1428667024334
R038,2026-08-19,1793.6470588235293,1806.3366991324554
R040,2026-07-13,1173.2903225806451,1064.4515721297387
R052,2026-08-22,752.0,768.3839842239286
R094,2026-07-27,502.0,444.58436861658896
R104,2026-08-10,439.0,502.62207007912
R111,2026-08-04,1501.0,1499.1821702498082
R038,2026-07-13,1891.235294117647,1769.1618774105464
R049,2026-07-25,833.0,936.0036058512108
R106,2026-07-23,948.6,756.3806766250751
R086,2026-08-05,1859.0,1483.3414998689022
R115,2026-08-04,476.95238095238096,515.6127258803068
R047,2026-07-26,617.2857142857142,720.9073689366046
R112,2026-08-08,426.0,409.00647678070976
R011,2026-07-27,5639.166666666667,5894.469658326419
R029,2026-07-29,2383.471698113208,2198.8104120049575
R108,2026-07-10,571.0,593.8983814852779
R035,2026-08-06,1562.0,1499.6354547296153
R031,2026-07-18,3406.0,4462.930958150078
R044,2026-07-19,562.0,703.302106432255
R044,2026-07-09,1561.0,1508.7738507101928
R016,2026-07-22,4591.0,4194.180871440854
R031,2026-08-05,6369.0,6015.960953033905
R104,2026-07-26,206.0,230.644882563671
R013,2026-08-06,1235.655737704918,1144.9211138397006
R084,2026-08-07,917.375,1040.927037014253
R003,2026-08-31,13871.271186440677,13081.556673912857
R001,2026-07-15,12807.22033898305,13961.969897496354
R013,2026-08-01,726.0909090909091,763.3979264537661
R106,2026-08-30,483.0769230769231,400.0259226678426
R007,2026-08-02,903.0,817.3950395558367
R106,2026-08-10,892.952380952381,801.6800843632485
R019,2026-08-01,1285.8999999999999,1899.6035572757758
R033,2026-07-11,2623.0,2605.4469023933425
R101,2026-08-20,272.0,292.2705137760641
R054,2026-07-20,2651.090909090909,2306.241422978725
R002,2026-08-02,4911.265822784811,6638.413308335112
R002,2026-08-03,14886.610169491525,13037.817946078523
R110,2026-07-26,318.0,347.0531530703323
R024,2026-07-20,6696.8,5921.4471749191
R022,2026-07-19,319.0,378.02960912781435
R038,2026-08-04,1899.8823529411764,1713.5784932204137
R078,2026-08-09,145.0,216.89583139830137
R061,2026-07-24,2374.0,2149.1822778254796
R116,2026-08-30,988.0,898.5770022695151
R013,2026-08-10,1112.2,1055.0847339995355
R081,2026-08-19,3528.0,3096.9053643727534
R026,2026-07-23,3664.0,2786.8229621300998
R104,2026-07-09,400.0,429.40694332963153
R065,2026-08-17,2027.0,1796.9250697797374
R006,2026-08-24,1046.0,954.3147203637914
R113,2026-07-17,1376.1000000000001,1520.624911371059
R118,2026-08-24,410.66666666666663,2993.6712266855
R013,2026-08-21,864.3000000000001,1116.1513700360172
R086,2026-08-24,1673.9999999999998,1609.7574267376008
R106,2026-07-14,872.65,794.8410026658233
R070,2026-08-19,2268.0,2107.34824588688
R052,2026-08-18,1287.0,1284.8576930956128
R025,2026-07-30,3006.25,2705.2636757454184
R096,2026-07-13,898.0,761.259192651815
R003,2026-07-18,6335.625,8167.990476420797
R095,2026-08-25,644.0,529.8338686437509
R053,2026-08-16,557.4736842105264,559.8032743018209
R061,2026-08-07,2317.0,2446.3730293139656
R109,2026-08-27,635.0,684.0690535926758
R042,2026-07-11,990.0,876.676729831556
R039,2026-07-30,1030.0,1014.5087279028457
R078,2026-07-24,270.0,298.70080984457564
R012,2026-08-27,2351.0,2361.254448160498
R064,2026-08-31,813.0,751.1540515751457
R076,2026-07-25,690.0,683.6135020086871
R027,2026-08-18,1941.72,1953.9800165092397
R089,2026-08-21,663.0,649.2715999127954
R059,2026-07-31,377.0,451.65566846570096
R048,2026-08-21,238.0,254.31405226284957
R007,2026-07-21,1738.0,1637.8520021041518
R111,2026-08-25,1751.0000000000002,1637.072041691787
R100,2026-08-12,660.0,575.2101798421171
R090,2026-07-25,303.0,340.2385223058489
R013,2026-08-29,815.5555555555555,838.9496861100785
R032,2026-08-07,3189.0,3084.3700568625836
R114,2026-08-18,838.0,818.7965391373186
R112,2026-07-19,202.0,305.99807835302664
R036,2026-08-18,3753.272727272727,3908.3421617984063
R028,2026-08-09,1358.0,2034.4854801018182
R093,2026-08-15,143.0,199.41597416017737
R106,2026-07-25,513.6666666666666,514.535028210095
R010,2026-07-09,2649.0,2425.3267796530436
R030,2026-07-29,598.0,514.2414211738883
R083,2026-07-10,555.0,620.9141557986399
R043,2026-08-26,1033.0,1066.2570432497223
R033,2026-08-09,1609.0,2023.5403993608272
R061,2026-07-25,1480.0,1802.0081712736314
R036,2026-07-14,3565.71875,3656.7456214698095
R076,2026-08-07,1103.0,1048.1036726848888
R019,2026-07-18,1689.6,1807.6467895917585
R059,2026-07-26,164.0,252.89099810152024
R004,2026-07-22,15159.796875,13711.96940915738
R030,2026-08-29,363.12,410.6703452102973
R069,2026-07-29,912.0,824.6099643278844
R118,2026-07-28,299.0,3102.7153683629767
R039,2026-08-31,1142.0,1283.1615363433239
R037,2026-07-23,2036.0,2400.99830290264
