passenger_id,card_number,passenger_type,age_group,gender,home_stop_id,registration_date,card_status
P000001,UTC-4429-0000001,regular,41_60,F,S0048,2024-04-27,active
P000002,UTC-6585-0000002,student,18_25,M,S0034,2024-01-02,active
P000003,UTC-2565-0000003,regular,18_25,F,S0030,2026-07-10,active
P000004,UTC-3188-0000004,regular,26_40,F,S0042,2020-07-24,active
P000005,UTC-7533-0000005,regular,26_40,F,S0120,2024-09-17,active
P000006,UTC-3256-0000006,student,18_25,F,S0042,2024-07-15,active
P000007,UTC-1370-0000007,regular,60_plus,F,S0080,2019-08-15,active
P000008,UTC-3290-0000008,regular,41_60,M,S0045,2026-05-17,active
P000009,UTC-7312-0000009,regular,26_40,M,S0033,2023-09-21,active
P000010,UTC-1315-0000010,regular,41_60,M,S0040,2022-06-16,active
P000011,UTC-2789-0000011,student,under_18,M,S0035,2022-07-14,active
P000012,UTC-3591-0000012,regular,26_40,F,S0039,2025-08-18,active
P000013,UTC-9686-0000013,regular,18_25,M,S0047,2025-09-27,active
P000014,UTC-7286-0000014,regular,26_40,M,S0074,2025-06-29,active
P000015,UTC-9065-0000015,regular,41_60,F,S0082,2025-12-15,active
P000016,UTC-1877-0000016,senior,60_plus,M,S0029,2025-11-03,active
P000017,UTC-7522-0000017,regular,41_60,F,S0048,2023-04-30,active
P000018,UTC-9184-0000018,regular,26_40,M,S0027,2026-03-15,active
P000019,UTC-1804-0000019,student,18_25,M,S0039,2022-03-03,active
P000020,UTC-6611-0000020,regular,26_40,F,S0039,2024-01-05,active
P000021,UTC-6854-0000021,regular,26_40,F,S0102,2023-04-23,active
P000022,UTC-8895-0000022,regular,18_25,F,S0047,2019-08-30,active
P000023,UTC-7952-0000023,regular,26_40,M,S0042,2026-05-04,active
P000024,UTC-8581-0000024,student,18_25,F,S0083,2020-09-15,active
P000025,UTC-5003-0000025,regular,41_60,M,S0044,2021-03-07,active
P000026,UTC-1816-0000026,regular,18_25,F,S0066,2021-11-22,active
P000027,UTC-5686-0000027,regular,26_40,F,S0029,2020-10-04,active
P000028,UTC-1044-0000028,regular,26_40,M,S0043,2022-10-10,expired
P000029,UTC-5328-0000029,regular,60_plus,F,S0111,2024-10-28,active
P000030,UTC-9672-0000030,student,18_25,F,S0043,2025-06-18,active
P000031,UTC-1703-0000031,disabled,18_25,M,S0077,2026-02-13,active
P000032,UTC-6278-0000032,senior,60_plus,M,S0045,2026-01-07,blocked
P000033,UTC-4780-0000033,regular,60_plus,M,S0031,2023-03-22,active
P000034,UTC-5881-0000034,student,under_18,M,S0048,2020-06-16,active
P000035,UTC-4484-0000035,senior,60_plus,F,S0079,2019-01-16,active
P000036,UTC-6187-0000036,student,18_25,M,S0036,2026-03-12,active
P000037,UTC-7892-0000037,regular,26_40,M,S0045,2026-08-03,active
P000038,UTC-4567-0000038,regular,41_60,M,S0005,2020-03-24,active
P000039,UTC-3371-0000039,regular,26_40,F,S0005,2020-07-13,expired
P000040,UTC-2891-0000040,student,under_18,M,S0083,2026-05-26,active
P000041,UTC-8182-0000041,regular,41_60,F,S0046,2026-06-22,active
P000042,UTC-3377-0000042,regular,26_40,F,S0038,2022-12-18,active
P000043,UTC-6177-0000043,student,18_25,M,S0122,2025-04-18,active
P000044,UTC-9424-0000044,regular,26_40,M,S0031,2023-03-22,active
P000045,UTC-8127-0000045,student,18_25,F,S0125,2026-04-04,active
P000046,UTC-8872-0000046,regular,26_40,M,S0081,2024-01-05,active
P000047,UTC-8328-0000047,regular,41_60,M,S0034,2019-08-22,active
P000048,UTC-2138-0000048,student,18_25,M,S0087,2020-04-23,active
P000049,UTC-7890-0000049,regular,41_60,F,S0087,2021-09-11,active
P000050,UTC-6015-0000050,student,18_25,F,S0036,2025-08-14,active
P000051,UTC-9364-0000051,regular,18_25,F,S0043,2023-12-22,active
P000052,UTC-2284-0000052,senior,60_plus,M,S0036,2026-06-03,active
P000053,UTC-6997-0000053,regular,26_40,M,S0074,2021-11-23,active
P000054,UTC-8310-0000054,student,18_25,F,S0032,2020-05-13,active
P000055,UTC-2977-0000055,regular,41_60,F,S0036,2020-12-05,active
P000056,UTC-3833-0000056,regular,26_40,F,S0034,2019-05-15,active
P000057,UTC-8844-0000057,disabled,26_40,M,S0038,2024-07-13,active
P000058,UTC-3778-0000058,regular,41_60,M,S0043,2024-05-08,active
P000059,UTC-9480-0000059,regular,60_plus,M,S0004,2025-10-04,active
P000060,UTC-6601-0000060,regular,26_40,F,S0056,2020-04-12,active
P000061,UTC-4514-0000061,senior,60_plus,M,S0047,2021-12-24,active
P000062,UTC-5817-0000062,student,18_25,M,S0038,2025-11-10,active
P000063,UTC-4665-0000063,disabled,41_60,M,S0099,2021-04-30,active
P000064,UTC-2014-0000064,regular,41_60,M,S0035,2021-12-12,active
P000065,UTC-2557-0000065,regular,26_40,M,S0076,2026-06-26,active
P000066,UTC-2499-0000066,regular,41_60,F,S0043,2023-05-19,active
P000067,UTC-7167-0000067,regular,18_25,M,S0025,2020-07-31,active
P000068,UTC-7947-0000068,student,18_25,M,S0051,2026-01-15,active
P000069,UTC-1423-0000069,regular,26_40,F,S0084,2020-08-09,active
P000070,UTC-1707-0000070,student,18_25,M,S0068,2022-03-01,active
P000071,UTC-1795-0000071,regular,26_40,F,S0047,2023-04-24,active
P000072,UTC-8238-0000072,regular,60_plus,M,S0033,2022-01-21,active
P000073,UTC-1904-0000073,regular,41_60,M,S0048,2020-10-09,active
P000074,UTC-5550-0000074,regular,18_25,M,S0042,2025-10-04,active
P000075,UTC-5591-0000075,regular,26_40,F,S0034,2023-12-22,active
P000076,UTC-6780-0000076,student,under_18,X,S0039,2025-05-29,active
P000077,UTC-6102-0000077,regular,26_40,F,S0077,2025-11-26,active
P000078,UTC-3044-0000078,regular,41_60,F,S0032,2025-10-14,active
P000079,UTC-8947-0000079,senior,60_plus,M,S0041,2022-06-10,active
P000080,UTC-7290-0000080,student,18_25,M,S0037,2023-02-09,active
P000081,UTC-8982-0000081,regular,26_40,M,S0045,2023-09-23,active
P000082,UTC-7695-0000082,regular,60_plus,M,S0045,2021-06-23,active
P000083,UTC-7557-0000083,regular,26_40,F,S0037,2025-03-07,active
P000084,UTC-1060-0000084,senior,60_plus,M,S0078,2026-02-05,active
P000085,UTC-3672-0000085,regular,41_60,M,S0068,2022-07-14,active
P000086,UTC-7282-0000086,senior,60_plus,F,S0035,2021-01-11,active
P000087,UTC-3032-0000087,student,18_25,M,S0037,2020-08-11,active
P000088,UTC-2395-0000088,regular,26_40,F,S0124,2022-10-23,active
P000089,UTC-5276-0000089,regular,26_40,M,S0115,2024-12-24,active
P000090,UTC-7085-0000090,regular,18_25,F,S0035,2026-04-19,active
P000091,UTC-8179-0000091,regular,41_60,F,S0037,2023-11-23,active
P000092,UTC-8991-0000092,regular,26_40,X,S0004,2025-01-24,active
P000093,UTC-7713-0000093,regular,60_plus,M,S0035,2026-02-22,active
P000094,UTC-8351-0000094,regular,26_40,F,S0049,2024-07-13,active
P000095,UTC-2467-0000095,regular,26_40,M,S0040,2021-05-17,active
P000096,UTC-5471-0000096,regular,41_60,F,S0089,2026-03-07,active
P000097,UTC-6205-0000097,student,18_25,M,S0090,2022-08-16,active
P000098,UTC-9469-0000098,regular,26_40,M,S0041,2025-09-13,active
P000099,UTC-9793-0000099,regular,41_60,M,S0048,2025-10-12,active
P000100,UTC-6665-0000100,student,18_25,M,S0045,2021-01-05,active
P000101,UTC-5748-0000101,regular,26_40,M,S0071,2019-08-16,active
P000102,UTC-1725-0000102,regular,41_60,F,S0039,2026-04-16,active
P000103,UTC-2930-0000103,student,18_25,F,S0034,2025-12-25,active
P000104,UTC-5765-0000104,regular,18_25,M,S0049,2026-04-17,active
P000105,UTC-4463-0000105,regular,26_40,M,S0090,2026-01-05,active
P000106,UTC-6986-0000106,regular,26_40,F,S0033,2020-01-19,active
P000107,UTC-4033-0000107,regular,41_60,F,S0083,2021-06-10,active
P000108,UTC-2363-0000108,senior,60_plus,M,S0048,2026-07-12,active
P000109,UTC-9989-0000109,regular,26_40,F,S0031,2021-07-13,active
P000110,UTC-2057-0000110,regular,41_60,M,S0076,2024-09-29,active
P000111,UTC-5064-0000111,regular,18_25,M,S0089,2026-01-11,active
P000112,UTC-5162-0000112,regular,18_25,X,S0038,2022-09-13,active
P000113,UTC-4282-0000113,student,18_25,M,S0030,2026-07-17,active
P000114,UTC-3257-0000114,regular,26_40,M,S0005,2021-06-15,expired
P000115,UTC-9599-0000115,regular,26_40,F,S0025,2025-11-21,active
P000116,UTC-2695-0000116,student,18_25,M,S0019,2025-09-05,active
P000117,UTC-1647-0000117,regular,41_60,M,S0045,2020-08-06,active
P000118,UTC-8912-0000118,regular,18_25,M,S0042,2024-01-01,active
P000119,UTC-1718-0000119,regular,26_40,M,S0034,2026-08-13,active
P000120,UTC-2166-0000120,regular,26_40,F,S0027,2022-05-27,active
P000121,UTC-3391-0000121,regular,41_60,M,S0074,2023-03-30,active
P000122,UTC-9519-0000122,regular,26_40,M,S0040,2022-09-23,active
P000123,UTC-4860-0000123,regular,18_25,M,S0050,2025-12-31,active
P000124,UTC-2461-0000124,regular,26_40,F,S0044,2025-08-19,active
P000125,UTC-6478-0000125,regular,41_60,M,S0049,2023-05-15,active
P000126,UTC-9592-0000126,senior,60_plus,M,S0004,2025-08-21,active
P000127,UTC-7573-0000127,regular,18_25,M,S0049,2021-11-20,active
P000128,UTC-9610-0000128,student,18_25,M,S0080,2022-02-21,active
P000129,UTC-8277-0000129,regular,18_25,M,S0005,2025-10-07,expired
P000130,UTC-3899-0000130,regular,18_25,M,S0037,2026-03-17,blocked
P000131,UTC-2572-0000131,senior,60_plus,F,S0045,2026-02-23,active
P000132,UTC-4519-0000132,disabled,18_25,F,S0047,2020-07-25,blocked
P000133,UTC-3131-0000133,student,under_18,M,S0076,2021-02-08,active
P000134,UTC-7616-0000134,regular,26_40,M,S0027,2024-05-07,active
P000135,UTC-6941-0000135,regular,41_60,M,S0044,2026-05-04,active
P000136,UTC-7117-0000136,regular,41_60,M,S0048,2025-05-31,active
P000137,UTC-7418-0000137,regular,18_25,F,S0053,2019-03-01,active
P000138,UTC-5121-0000138,regular,26_40,M,S0032,2026-01-20,active
P000139,UTC-5150-0000139,regular,18_25,F,S0034,2025-06-30,active
P000140,UTC-2117-0000140,senior,60_plus,F,S0045,2026-03-12,active
P000141,UTC-5265-0000141,student,under_18,M,S0033,2019-09-11,active
P000142,UTC-8515-0000142,regular,26_40,M,S0031,2026-02-26,active
P000143,UTC-2865-0000143,regular,41_60,M,S0039,2021-01-19,active
P000144,UTC-9505-0000144,regular,41_60,F,S0082,2025-11-08,blocked
P000145,UTC-6812-0000145,regular,41_60,F,S0041,2024-01-20,active
P000146,UTC-6021-0000146,regular,18_25,M,S0049,2020-07-15,active
P000147,UTC-1208-0000147,regular,41_60,F,S0019,2022-01-04,active
P000148,UTC-5172-0000148,regular,26_40,F,S0073,2022-12-21,active
P000149,UTC-7404-0000149,student,under_18,M,S0032,2026-06-15,active
P000150,UTC-7320-0000150,regular,26_40,F,S0044,2022-03-11,active
P000151,UTC-5459-0000151,student,under_18,M,S0072,2024-11-03,active
P000152,UTC-1300-0000152,regular,26_40,M,S0085,2023-01-08,active
P000153,UTC-2625-0000153,regular,41_60,F,S0049,2023-03-02,active
P000154,UTC-3370-0000154,student,18_25,F,S0029,2026-03-22,active
P000155,UTC-9700-0000155,regular,26_40,F,S0043,2019-03-24,active
P000156,UTC-8894-0000156,regular,18_25,F,S0046,2020-06-20,active
P000157,UTC-2918-0000157,student,under_18,M,S0049,2022-03-17,active
P000158,UTC-5859-0000158,regular,26_40,M,S0059,2024-04-10,active
P000159,UTC-2207-0000159,student,under_18,M,S0062,2026-02-23,active
P000160,UTC-8149-0000160,regular,26_40,F,S0042,2019-12-02,active
P000161,UTC-9573-0000161,regular,41_60,M,S0036,2026-07-04,active
P000162,UTC-2928-0000162,regular,26_40,F,S0066,2025-01-19,active
P000163,UTC-5894-0000163,regular,26_40,M,S0044,2020-12-17,active
P000164,UTC-7779-0000164,disabled,41_60,M,S0036,2025-12-07,active
P000165,UTC-7797-0000165,regular,41_60,M,S0042,2025-01-06,active
P000166,UTC-6701-0000166,regular,26_40,M,S0005,2026-02-17,active
P000167,UTC-7589-0000167,regular,41_60,M,S0094,2020-04-11,active
P000168,UTC-1018-0000168,student,under_18,F,S0036,2026-06-08,active
P000169,UTC-3991-0000169,student,under_18,M,S0005,2026-03-20,active
P000170,UTC-4438-0000170,senior,60_plus,M,S0031,2020-04-21,active
P000171,UTC-6293-0000171,regular,41_60,M,S0035,2026-05-24,active
P000172,UTC-7292-0000172,regular,26_40,F,S0044,2022-08-18,active
P000173,UTC-8822-0000173,regular,60_plus,F,S0033,2025-12-01,active
P000174,UTC-5483-0000174,regular,26_40,F,S0044,2023-07-22,active
P000175,UTC-2644-0000175,regular,41_60,M,S0054,2020-06-04,active
P000176,UTC-4422-0000176,student,18_25,M,S0059,2021-11-28,active
P000177,UTC-1268-0000177,regular,41_60,M,S0025,2024-12-10,blocked
P000178,UTC-4053-0000178,regular,26_40,F,S0056,2025-10-02,active
P000179,UTC-3380-0000179,student,18_25,M,S0060,2023-10-08,active
P000180,UTC-1218-0000180,regular,26_40,X,S0032,2019-01-27,active
P000181,UTC-7824-0000181,regular,26_40,M,S0044,2026-03-24,expired
P000182,UTC-8085-0000182,regular,26_40,M,S0039,2022-10-24,active
P000183,UTC-5791-0000183,regular,41_60,F,S0073,2025-10-27,blocked
P000184,UTC-1741-0000184,regular,26_40,M,S0121,2025-12-13,active
P000185,UTC-5691-0000185,regular,26_40,F,S0029,2023-06-21,active
P000186,UTC-7765-0000186,senior,60_plus,M,S0037,2024-12-11,active
P000187,UTC-8561-0000187,senior,60_plus,M,S0067,2026-07-20,active
P000188,UTC-3802-0000188,regular,18_25,M,S0057,2026-02-10,active
P000189,UTC-1510-0000189,regular,41_60,M,S0040,2021-04-18,active
P000190,UTC-7230-0000190,regular,41_60,F,S0043,2021-07-04,active
P000191,UTC-4691-0000191,disabled,41_60,M,S0076,2024-03-10,active
P000192,UTC-7804-0000192,regular,18_25,F,S0061,2022-02-11,active
P000193,UTC-5284-0000193,senior,60_plus,X,S0074,2022-05-26,active
P000194,UTC-9583-0000194,student,18_25,F,S0043,2024-09-11,active
P000195,UTC-4987-0000195,student,under_18,M,S0071,2026-04-17,active
P000196,UTC-5733-0000196,student,under_18,M,S0076,2024-12-21,active
P000197,UTC-9657-0000197,regular,26_40,M,S0090,2025-09-03,active
P000198,UTC-7635-0000198,regular,41_60,F,S0075,2024-12-22,active
P000199,UTC-3962-0000199,regular,26_40,M,S0044,2026-08-04,active
P000200,UTC-7104-0000200,regular,41_60,M,S0060,2019-06-04,blocked
P000201,UTC-2104-0000201,regular,26_40,M,S0030,2023-05-03,active
P000202,UTC-5625-0000202,student,18_25,M,S0049,2026-05-31,active
P000203,UTC-9078-0000203,regular,26_40,M,S0038,2025-04-29,active
P000204,UTC-5726-0000204,regular,18_25,M,S0076,2025-02-02,active
P000205,UTC-7122-0000205,regular,41_60,F,S0041,2019-05-29,active
P000206,UTC-3407-0000206,student,under_18,F,S0040,2026-07-26,active
P000207,UTC-7897-0000207,regular,41_60,M,S0039,2019-12-05,active
P000208,UTC-8926-0000208,regular,26_40,M,S0042,2020-02-09,active
P000209,UTC-5655-0000209,regular,41_60,M,S0079,2019-08-09,active
P000210,UTC-3114-0000210,regular,41_60,F,S0032,2025-09-25,active
P000211,UTC-4929-0000211,student,under_18,F,S0029,2025-11-22,active
P000212,UTC-8822-0000212,regular,26_40,M,S0027,2025-06-27,active
P000213,UTC-2146-0000213,senior,60_plus,F,S0043,2022-12-30,active
P000214,UTC-7902-0000214,regular,26_40,M,S0046,2019-07-18,active
P000215,UTC-3074-0000215,regular,60_plus,M,S0047,2025-09-17,expired
P000216,UTC-9905-0000216,regular,26_40,M,S0045,2025-10-28,active
P000217,UTC-7246-0000217,regular,26_40,F,S0044,2020-03-08,active
P000218,UTC-9724-0000218,regular,26_40,M,S0049,2021-09-13,active
P000219,UTC-8460-0000219,student,under_18,F,S0065,2019-09-16,active
P000220,UTC-5277-0000220,student,18_25,M,S0049,2026-07-31,active
P000221,UTC-4834-0000221,senior,60_plus,F,S0032,2024-10-01,active
P000222,UTC-9570-0000222,student,18_25,M,S0033,2026-02-01,active
P000223,UTC-8398-0000223,student,18_25,F,S0039,2023-10-26,active
P000224,UTC-2081-0000224,student,18_25,F,S0030,2022-08-28,active
P000225,UTC-8390-0000225,senior,60_plus,M,S0068,2026-07-22,active
P000226,UTC-6613-0000226,student,18_25,M,S0059,2025-12-25,active
P000227,UTC-3253-0000227,regular,26_40,F,S0088,2025-10-07,active
P000228,UTC-8987-0000228,regular,26_40,M,S0005,2023-01-13,active
P000229,UTC-5810-0000229,regular,26_40,M,S0070,2022-08-22,active
P000230,UTC-2542-0000230,regular,41_60,F,S0105,2020-11-30,active
P000231,UTC-4582-0000231,regular,26_40,M,S0037,2021-04-21,active
P000232,UTC-8592-0000232,regular,41_60,M,S0042,2024-08-29,blocked
P000233,UTC-8641-0000233,regular,26_40,M,S0047,2022-01-20,active
P000234,UTC-2807-0000234,student,18_25,M,S0046,2020-04-10,active
P000235,UTC-1738-0000235,regular,60_plus,F,S0030,2025-08-10,active
P000236,UTC-4135-0000236,senior,60_plus,M,S0058,2021-01-03,active
P000237,UTC-9874-0000237,regular,26_40,M,S0038,2024-07-23,active
P000238,UTC-4117-0000238,regular,26_40,M,S0118,2025-10-17,active
P000239,UTC-2987-0000239,regular,18_25,F,S0043,2019-01-14,active
P000240,UTC-1820-0000240,regular,60_plus,F,S0067,2024-01-18,active
P000241,UTC-4897-0000241,regular,18_25,M,S0076,2020-02-22,active
P000242,UTC-8651-0000242,disabled,60_plus,F,S0065,2023-11-17,active
P000243,UTC-4907-0000243,student,under_18,F,S0041,2019-08-22,active
P000244,UTC-1235-0000244,student,under_18,M,S0109,2025-12-20,active
P000245,UTC-8423-0000245,regular,41_60,M,S0041,2022-01-23,active
P000246,UTC-7591-0000246,student,18_25,M,S0070,2025-11-18,active
P000247,UTC-2674-0000247,regular,26_40,M,S0051,2022-05-12,active
P000248,UTC-6248-0000248,student,18_25,F,S0057,2024-08-12,active
P000249,UTC-3184-0000249,regular,18_25,M,S0032,2026-04-10,active
P000250,UTC-9746-0000250,regular,41_60,F,S0047,2020-09-28,active
P000251,UTC-1304-0000251,regular,41_60,F,S0108,2019-07-07,active
P000252,UTC-2917-0000252,student,18_25,M,S0038,2022-07-06,active
P000253,UTC-5211-0000253,regular,26_40,M,S0044,2020-03-12,active
P000254,UTC-8501-0000254,student,18_25,M,S0050,2019-04-09,active
P000255,UTC-8048-0000255,student,18_25,M,S0070,2020-05-02,active
P000256,UTC-4854-0000256,regular,26_40,M,S0122,2021-05-20,active
P000257,UTC-8275-0000257,regular,26_40,M,S0036,2025-02-11,blocked
P000258,UTC-6057-0000258,student,under_18,F,S0050,2023-07-11,active
P000259,UTC-6064-0000259,senior,60_plus,M,S0004,2026-01-31,active
P000260,UTC-4141-0000260,senior,60_plus,M,S0034,2024-09-28,active
P000261,UTC-1668-0000261,student,18_25,M,S0045,2025-07-14,active
P000262,UTC-6613-0000262,regular,26_40,M,S0041,2023-09-04,active
P000263,UTC-6729-0000263,regular,26_40,F,S0004,2026-04-16,active
P000264,UTC-2318-0000264,regular,60_plus,M,S0032,2020-08-15,active
P000265,UTC-4241-0000265,regular,26_40,F,S0044,2021-01-25,active
P000266,UTC-4744-0000266,student,under_18,M,S0049,2025-12-07,active
P000267,UTC-4312-0000267,regular,41_60,F,S0089,2026-08-08,active
P000268,UTC-7400-0000268,regular,26_40,M,S0041,2021-06-14,active
P000269,UTC-9547-0000269,student,18_25,M,S0038,2026-05-28,active
P000270,UTC-9252-0000270,regular,26_40,M,S0041,2019-07-21,active
P000271,UTC-9666-0000271,regular,60_plus,M,S0017,2020-09-05,blocked
P000272,UTC-7248-0000272,regular,18_25,M,S0050,2025-09-13,active
P000273,UTC-7682-0000273,regular,18_25,M,S0049,2026-07-17,active
P000274,UTC-3493-0000274,regular,26_40,M,S0095,2022-06-05,active
P000275,UTC-3087-0000275,student,under_18,F,S0093,2023-01-21,active
P000276,UTC-3646-0000276,regular,26_40,M,S0053,2025-12-16,active
P000277,UTC-6305-0000277,regular,26_40,M,S0069,2025-09-04,active
P000278,UTC-7617-0000278,regular,26_40,F,S0029,2025-10-31,active
P000279,UTC-7845-0000279,student,under_18,M,S0076,2022-12-13,active
P000280,UTC-9325-0000280,student,18_25,F,S0046,2019-02-12,active
P000281,UTC-9984-0000281,regular,41_60,F,S0041,2019-01-03,active
P000282,UTC-1128-0000282,regular,41_60,F,S0092,2019-08-24,expired
P000283,UTC-6623-0000283,regular,26_40,M,S0059,2024-10-19,active
P000284,UTC-8155-0000284,regular,26_40,M,S0030,2025-10-24,active
P000285,UTC-1306-0000285,regular,41_60,M,S0031,2026-07-06,active
P000286,UTC-7150-0000286,regular,26_40,M,S0043,2026-02-28,active
P000287,UTC-1171-0000287,regular,41_60,F,S0038,2024-09-01,active
P000288,UTC-1509-0000288,regular,41_60,M,S0036,2025-12-11,active
P000289,UTC-3065-0000289,regular,60_plus,M,S0033,2023-01-19,active
P000290,UTC-5783-0000290,student,under_18,M,S0042,2025-01-09,active
P000291,UTC-5423-0000291,regular,41_60,M,S0041,2024-11-09,active
P000292,UTC-5328-0000292,regular,41_60,M,S0050,2025-07-01,active
P000293,UTC-7186-0000293,student,18_25,F,S0082,2024-02-22,active
P000294,UTC-4282-0000294,student,18_25,F,S0091,2024-04-07,active
P000295,UTC-6676-0000295,regular,26_40,F,S0111,2020-07-15,active
P000296,UTC-8361-0000296,regular,41_60,M,S0031,2025-06-15,active
P000297,UTC-2124-0000297,senior,60_plus,M,S0046,2022-09-20,active
P000298,UTC-3595-0000298,student,18_25,F,S0019,2021-03-22,active
P000299,UTC-1016-0000299,regular,26_40,M,S0044,2022-06-10,active
P000300,UTC-2944-0000300,regular,26_40,M,S0041,2022-01-21,active
P000301,UTC-8268-0000301,student,18_25,F,S0049,2022-06-12,active
P000302,UTC-7791-0000302,regular,18_25,M,S0025,2025-12-03,active
P000303,UTC-5375-0000303,regular,41_60,M,S0032,2021-03-19,blocked
P000304,UTC-4841-0000304,regular,26_40,M,S0070,2026-02-04,active
P000305,UTC-5812-0000305,student,under_18,M,S0033,2021-08-03,active
P000306,UTC-2133-0000306,regular,18_25,M,S0044,2024-10-15,active
P000307,UTC-1186-0000307,student,18_25,M,S0084,2024-11-23,active
P000308,UTC-1124-0000308,regular,18_25,M,S0126,2020-07-08,active
P000309,UTC-9569-0000309,regular,26_40,M,S0032,2019-06-20,active
P000310,UTC-8775-0000310,student,18_25,M,S0049,2021-05-26,active
P000311,UTC-8979-0000311,regular,41_60,F,S0076,2024-01-08,active
P000312,UTC-5767-0000312,student,18_25,M,S0046,2019-12-15,active
P000313,UTC-6943-0000313,regular,26_40,M,S0062,2025-02-06,active
P000314,UTC-5245-0000314,regular,18_25,F,S0005,2019-04-21,active
P000315,UTC-4162-0000315,regular,18_25,X,S0004,2024-09-25,active
P000316,UTC-8597-0000316,regular,18_25,M,S0088,2021-07-22,active
P000317,UTC-5196-0000317,regular,26_40,M,S0048,2026-02-04,active
P000318,UTC-4549-0000318,regular,26_40,F,S0068,2026-07-18,active
P000319,UTC-2291-0000319,student,18_25,M,S0045,2024-11-19,active
P000320,UTC-6197-0000320,student,under_18,M,S0069,2019-11-09,active
P000321,UTC-3747-0000321,student,18_25,M,S0054,2023-02-10,active
P000322,UTC-3838-0000322,disabled,18_25,M,S0041,2023-02-11,active
P000323,UTC-8174-0000323,regular,18_25,M,S0029,2020-07-12,active
P000324,UTC-5112-0000324,regular,18_25,M,S0029,2024-09-20,active
P000325,UTC-6611-0000325,disabled,26_40,M,S0044,2024-09-29,active
P000326,UTC-5747-0000326,regular,18_25,F,S0035,2025-10-24,active
P000327,UTC-8343-0000327,regular,18_25,F,S0004,2023-06-29,active
P000328,UTC-2814-0000328,regular,41_60,M,S0044,2019-02-10,expired
P000329,UTC-2663-0000329,regular,26_40,M,S0053,2020-05-06,active
P000330,UTC-4124-0000330,regular,41_60,M,S0086,2021-05-22,active
P000331,UTC-9004-0000331,regular,18_25,M,S0032,2023-01-24,active
P000332,UTC-5145-0000332,regular,60_plus,F,S0050,2019-06-01,active
P000333,UTC-4184-0000333,student,under_18,M,S0106,2026-01-17,active
P000334,UTC-3678-0000334,regular,26_40,X,S0033,2024-08-24,expired
P000335,UTC-6199-0000335,regular,26_40,M,S0043,2026-03-31,active
P000336,UTC-6338-0000336,regular,26_40,F,S0045,2026-05-09,active
P000337,UTC-4617-0000337,regular,26_40,M,S0056,2021-10-23,active
P000338,UTC-6351-0000338,regular,26_40,M,S0042,2025-10-24,active
P000339,UTC-8912-0000339,regular,26_40,M,S0077,2024-09-04,active
P000340,UTC-7503-0000340,student,under_18,F,S0042,2020-05-12,active
P000341,UTC-7427-0000341,student,under_18,F,S0027,2026-02-25,active
P000342,UTC-6231-0000342,regular,18_25,F,S0053,2025-02-13,active
P000343,UTC-9297-0000343,senior,60_plus,M,S0043,2019-08-13,active
P000344,UTC-3428-0000344,student,under_18,M,S0049,2026-04-23,active
P000345,UTC-6957-0000345,regular,41_60,F,S0037,2025-12-22,active
P000346,UTC-8717-0000346,regular,18_25,M,S0042,2026-03-29,active
P000347,UTC-9578-0000347,regular,18_25,M,S0103,2025-03-05,active
P000348,UTC-2025-0000348,regular,26_40,M,S0034,2025-02-17,active
P000349,UTC-3843-0000349,regular,18_25,F,S0125,2026-03-07,active
P000350,UTC-3774-0000350,student,18_25,M,S0047,2026-03-30,active
P000351,UTC-1985-0000351,student,under_18,M,S0033,2023-04-11,active
P000352,UTC-9378-0000352,regular,26_40,F,S0031,2022-12-21,active
P000353,UTC-7817-0000353,regular,26_40,F,S0055,2019-07-14,active
P000354,UTC-4788-0000354,regular,26_40,M,S0032,2023-02-07,expired
P000355,UTC-1762-0000355,regular,18_25,M,S0030,2026-04-22,active
P000356,UTC-1109-0000356,regular,18_25,M,S0045,2020-06-14,active
P000357,UTC-5728-0000357,regular,41_60,F,S0033,2019-04-04,active
P000358,UTC-3888-0000358,student,under_18,M,S0046,2023-04-25,active
P000359,UTC-5887-0000359,student,18_25,F,S0005,2025-05-13,blocked
P000360,UTC-1331-0000360,regular,18_25,F,S0043,2021-04-24,active
P000361,UTC-8175-0000361,regular,26_40,F,S0124,2022-08-26,active
P000362,UTC-6334-0000362,regular,18_25,F,S0101,2025-12-06,active
P000363,UTC-3554-0000363,disabled,26_40,F,S0046,2026-05-31,active
P000364,UTC-5178-0000364,regular,41_60,F,S0048,2019-08-29,active
P000365,UTC-5938-0000365,regular,26_40,F,S0040,2025-11-01,active
P000366,UTC-8952-0000366,regular,18_25,M,S0032,2023-12-30,active
P000367,UTC-2016-0000367,regular,18_25,M,S0035,2019-09-29,active
P000368,UTC-8685-0000368,regular,26_40,F,S0081,2019-03-06,active
P000369,UTC-9405-0000369,regular,41_60,M,S0031,2019-11-04,active
P000370,UTC-3841-0000370,regular,41_60,F,S0077,2026-06-15,active
P000371,UTC-8974-0000371,regular,26_40,F,S0089,2019-03-03,active
P000372,UTC-2112-0000372,student,under_18,M,S0005,2024-02-16,active
P000373,UTC-4042-0000373,senior,60_plus,F,S0085,2020-08-11,active
P000374,UTC-7630-0000374,regular,26_40,F,S0065,2026-01-04,active
P000375,UTC-8104-0000375,student,under_18,M,S0125,2023-03-31,active
P000376,UTC-5590-0000376,regular,41_60,F,S0048,2023-04-22,active
P000377,UTC-6571-0000377,regular,41_60,M,S0076,2026-01-02,blocked
P000378,UTC-6177-0000378,regular,26_40,F,S0055,2019-07-10,active
P000379,UTC-9779-0000379,regular,18_25,M,S0029,2024-03-23,active
P000380,UTC-8369-0000380,regular,18_25,M,S0039,2023-10-04,active
P000381,UTC-9590-0000381,regular,26_40,F,S0038,2022-10-12,active
P000382,UTC-9687-0000382,senior,60_plus,M,S0004,2026-02-10,active
P000383,UTC-5166-0000383,regular,26_40,F,S0034,2024-10-29,active
P000384,UTC-1403-0000384,regular,41_60,M,S0032,2026-06-17,active
P000385,UTC-2401-0000385,regular,26_40,M,S0123,2024-10-23,active
P000386,UTC-2176-0000386,student,under_18,F,S0032,2019-07-02,active
P000387,UTC-5711-0000387,regular,18_25,F,S0046,2023-09-10,active
P000388,UTC-4187-0000388,disabled,41_60,F,S0048,2020-09-02,active
P000389,UTC-4462-0000389,student,18_25,F,S0032,2022-06-29,active
P000390,UTC-7318-0000390,regular,26_40,F,S0043,2024-02-22,active
P000391,UTC-3304-0000391,senior,60_plus,F,S0043,2025-09-07,active
P000392,UTC-2088-0000392,student,under_18,F,S0025,2026-02-07,active
P000393,UTC-5850-0000393,regular,18_25,M,S0035,2026-08-12,active
P000394,UTC-1382-0000394,regular,26_40,M,S0004,2021-03-10,active
P000395,UTC-2584-0000395,disabled,41_60,F,S0035,2024-05-06,active
P000396,UTC-7820-0000396,regular,18_25,M,S0067,2024-08-20,active
P000397,UTC-5614-0000397,student,under_18,M,S0070,2025-12-20,active
P000398,UTC-4531-0000398,regular,41_60,M,S0004,2019-06-08,active
P000399,UTC-2809-0000399,regular,41_60,M,S0037,2026-01-23,active
P000400,UTC-3883-0000400,regular,26_40,M,S0042,2022-11-04,active
P000401,UTC-4950-0000401,regular,26_40,M,S0031,2024-02-12,active
P000402,UTC-2454-0000402,regular,18_25,F,S0004,2023-05-20,active
P000403,UTC-1144-0000403,regular,41_60,F,S0125,2024-01-22,active
P000404,UTC-4867-0000404,senior,60_plus,M,S0047,2026-01-07,expired
P000405,UTC-6222-0000405,regular,26_40,F,S0029,2023-11-21,active
P000406,UTC-7642-0000406,regular,26_40,M,S0004,2026-08-11,active
P000407,UTC-3888-0000407,student,18_25,M,S0109,2023-07-15,expired
P000408,UTC-2670-0000408,senior,60_plus,M,S0092,2024-03-23,expired
P000409,UTC-9974-0000409,regular,41_60,F,S0044,2019-05-26,active
P000410,UTC-7196-0000410,regular,18_25,M,S0079,2026-08-13,active
P000411,UTC-8816-0000411,regular,41_60,M,S0050,2026-05-07,active
P000412,UTC-2822-0000412,regular,41_60,M,S0046,2025-05-18,active
P000413,UTC-7028-0000413,regular,41_60,M,S0073,2022-03-06,active
P000414,UTC-3426-0000414,student,under_18,M,S0035,2020-05-11,active
P000415,UTC-2069-0000415,regular,60_plus,M,S0048,2025-12-20,active
P000416,UTC-8118-0000416,senior,60_plus,F,S0041,2022-10-03,active
P000417,UTC-2276-0000417,student,under_18,F,S0049,2020-01-14,active
P000418,UTC-2016-0000418,regular,18_25,M,S0043,2026-06-22,active
P000419,UTC-1294-0000419,regular,18_25,F,S0081,2025-04-30,active
P000420,UTC-2716-0000420,regular,18_25,M,S0031,2021-09-06,active
P000421,UTC-1785-0000421,regular,26_40,F,S0038,2023-02-27,active
P000422,UTC-5771-0000422,regular,18_25,M,S0045,2026-04-21,active
P000423,UTC-7511-0000423,regular,41_60,M,S0090,2024-01-10,active
P000424,UTC-8836-0000424,student,18_25,F,S0051,2024-05-13,active
P000425,UTC-6830-0000425,student,18_25,F,S0077,2022-10-01,active
P000426,UTC-9079-0000426,regular,26_40,M,S0004,2026-03-25,active
P000427,UTC-2918-0000427,regular,41_60,F,S0036,2025-12-04,active
P000428,UTC-3794-0000428,regular,18_25,M,S0048,2019-12-09,active
P000429,UTC-6563-0000429,student,18_25,M,S0031,2023-08-13,active
P000430,UTC-9020-0000430,regular,18_25,F,S0078,2025-03-09,active
P000431,UTC-7913-0000431,regular,26_40,M,S0050,2019-12-29,active
P000432,UTC-5503-0000432,regular,18_25,F,S0050,2024-06-27,active
P000433,UTC-3696-0000433,regular,41_60,F,S0045,2023-03-20,active
P000434,UTC-4921-0000434,regular,41_60,F,S0045,2023-03-09,active
P000435,UTC-3704-0000435,student,under_18,F,S0004,2019-05-15,active
P000436,UTC-3841-0000436,student,18_25,F,S0035,2019-01-04,active
P000437,UTC-2776-0000437,regular,18_25,F,S0042,2019-03-21,active
P000438,UTC-6214-0000438,student,under_18,M,S0037,2021-09-23,active
P000439,UTC-1404-0000439,regular,41_60,X,S0045,2026-07-29,active
P000440,UTC-9961-0000440,regular,26_40,M,S0045,2019-11-30,active
P000441,UTC-9649-0000441,senior,60_plus,M,S0005,2025-03-13,active
P000442,UTC-2841-0000442,student,under_18,M,S0058,2025-12-21,active
P000443,UTC-5067-0000443,senior,60_plus,F,S0048,2019-12-18,active
P000444,UTC-7589-0000444,regular,18_25,F,S0034,2021-10-26,active
P000445,UTC-3638-0000445,regular,41_60,F,S0036,2026-01-09,active
P000446,UTC-7796-0000446,regular,26_40,M,S0049,2020-05-15,active
P000447,UTC-3101-0000447,student,under_18,M,S0048,2025-09-26,active
P000448,UTC-3897-0000448,regular,18_25,M,S0035,2022-10-24,active
P000449,UTC-3731-0000449,regular,41_60,M,S0034,2024-04-25,active
P000450,UTC-3391-0000450,regular,26_40,M,S0049,2024-07-14,active
P000451,UTC-3711-0000451,regular,18_25,F,S0042,2025-04-10,active
P000452,UTC-6391-0000452,regular,26_40,M,S0046,2019-05-24,active
P000453,UTC-2191-0000453,regular,26_40,M,S0076,2019-07-18,active
P000454,UTC-2606-0000454,regular,41_60,F,S0062,2026-06-12,active
P000455,UTC-9311-0000455,regular,18_25,M,S0077,2021-06-24,active
P000456,UTC-1079-0000456,student,18_25,M,S0039,2021-03-01,active
P000457,UTC-2365-0000457,regular,41_60,M,S0039,2026-01-07,active
P000458,UTC-5455-0000458,disabled,26_40,M,S0039,2024-09-23,active
P000459,UTC-5985-0000459,student,under_18,M,S0100,2026-07-22,active
P000460,UTC-8354-0000460,senior,60_plus,F,S0077,2020-08-21,active
P000461,UTC-5857-0000461,regular,18_25,M,S0073,2019-10-05,active
P000462,UTC-5924-0000462,regular,41_60,F,S0071,2021-04-13,active
P000463,UTC-5014-0000463,student,under_18,F,S0040,2023-06-05,active
P000464,UTC-7160-0000464,regular,41_60,M,S0038,2026-03-03,active
P000465,UTC-2123-0000465,regular,26_40,M,S0004,2026-01-08,active
P000466,UTC-2751-0000466,regular,26_40,F,S0087,2024-02-05,active
P000467,UTC-5093-0000467,student,18_25,F,S0037,2020-11-21,active
P000468,UTC-2635-0000468,regular,41_60,F,S0025,2026-06-10,active
P000469,UTC-2328-0000469,student,under_18,M,S0029,2025-09-13,active
P000470,UTC-9321-0000470,senior,60_plus,M,S0097,2022-06-28,active
P000471,UTC-5687-0000471,regular,26_40,F,S0063,2023-03-31,active
P000472,UTC-6695-0000472,disabled,18_25,M,S0031,2020-08-16,active
P000473,UTC-4645-0000473,senior,60_plus,F,S0027,2024-02-19,active
P000474,UTC-9203-0000474,regular,26_40,M,S0069,2025-12-05,active
P000475,UTC-8680-0000475,regular,18_25,M,S0120,2022-02-10,active
P000476,UTC-6960-0000476,senior,60_plus,M,S0050,2023-08-12,active
P000477,UTC-7191-0000477,regular,26_40,X,S0081,2023-06-10,active
P000478,UTC-7466-0000478,senior,60_plus,M,S0041,2021-02-24,active
P000479,UTC-4524-0000479,regular,18_25,F,S0038,2021-02-04,active
P000480,UTC-9545-0000480,disabled,26_40,M,S0029,2022-11-04,active
P000481,UTC-1416-0000481,regular,41_60,M,S0072,2019-12-12,active
P000482,UTC-7771-0000482,student,18_25,M,S0040,2025-09-16,active
P000483,UTC-5804-0000483,regular,26_40,F,S0060,2025-12-13,active
P000484,UTC-7634-0000484,regular,26_40,M,S0032,2019-01-01,active
P000485,UTC-9475-0000485,regular,26_40,F,S0047,2025-10-02,active
P000486,UTC-7740-0000486,regular,18_25,M,S0044,2025-11-08,active
P000487,UTC-4405-0000487,regular,18_25,M,S0025,2019-09-16,active
P000488,UTC-2939-0000488,regular,26_40,M,S0045,2020-02-10,active
P000489,UTC-2333-0000489,regular,41_60,M,S0124,2022-07-11,active
P000490,UTC-6892-0000490,regular,26_40,M,S0109,2019-07-06,expired
P000491,UTC-1977-0000491,student,under_18,F,S0039,2026-05-02,active
P000492,UTC-5847-0000492,student,under_18,M,S0034,2022-11-10,active
P000493,UTC-3895-0000493,regular,41_60,M,S0005,2024-02-01,active
P000494,UTC-6603-0000494,disabled,18_25,M,S0072,2026-05-06,expired
P000495,UTC-6636-0000495,regular,60_plus,F,S0114,2026-08-07,active
P000496,UTC-8939-0000496,regular,26_40,F,S0037,2023-06-09,active
P000497,UTC-5543-0000497,regular,41_60,F,S0085,2025-06-25,active
P000498,UTC-4949-0000498,student,under_18,M,S0027,2025-06-08,active
P000499,UTC-7924-0000499,regular,18_25,M,S0042,2019-11-04,active
P000500,UTC-9967-0000500,regular,41_60,M,S0044,2023-07-11,active
P000501,UTC-7277-0000501,regular,41_60,F,S0017,2024-08-23,active
P000502,UTC-6533-0000502,regular,41_60,F,S0005,2020-06-22,active
P000503,UTC-4969-0000503,regular,26_40,M,S0005,2024-06-23,active
P000504,UTC-6229-0000504,senior,60_plus,M,S0035,2021-07-01,active
P000505,UTC-1292-0000505,student,18_25,M,S0044,2026-08-13,active
P000506,UTC-5251-0000506,student,18_25,M,S0041,2021-01-17,active
P000507,UTC-9021-0000507,student,18_25,F,S0058,2023-09-21,active
P000508,UTC-9160-0000508,regular,41_60,F,S0044,2025-10-10,expired
P000509,UTC-9671-0000509,regular,18_25,M,S0029,2019-01-27,active
P000510,UTC-3480-0000510,regular,26_40,M,S0073,2019-01-23,active
P000511,UTC-5082-0000511,regular,18_25,M,S0087,2020-09-08,active
P000512,UTC-7512-0000512,student,under_18,X,S0065,2023-12-10,active
P000513,UTC-3471-0000513,regular,18_25,X,S0029,2022-01-07,active
P000514,UTC-7751-0000514,regular,26_40,M,S0029,2024-01-19,active
P000515,UTC-3600-0000515,regular,18_25,F,S0030,2021-07-19,active
P000516,UTC-4210-0000516,regular,41_60,F,S0036,2021-12-06,active
P000517,UTC-4387-0000517,student,18_25,F,S0041,2022-04-10,active
P000518,UTC-7104-0000518,regular,26_40,F,S0041,2019-07-06,active
P000519,UTC-1696-0000519,regular,26_40,M,S0031,2023-05-09,active
P000520,UTC-3593-0000520,regular,18_25,M,S0037,2025-06-27,active
P000521,UTC-6094-0000521,regular,41_60,M,S0032,2023-04-19,active
P000522,UTC-7913-0000522,regular,26_40,F,S0066,2022-05-29,active
P000523,UTC-4103-0000523,student,18_25,M,S0076,2021-08-17,active
P000524,UTC-9816-0000524,regular,26_40,M,S0037,2023-05-03,active
P000525,UTC-2738-0000525,regular,26_40,F,S0070,2021-04-29,expired
P000526,UTC-3220-0000526,regular,41_60,F,S0046,2019-10-01,active
P000527,UTC-8180-0000527,regular,18_25,F,S0036,2026-04-21,active
P000528,UTC-7593-0000528,student,under_18,F,S0065,2021-06-16,active
P000529,UTC-6888-0000529,regular,26_40,M,S0035,2019-05-01,expired
P000530,UTC-9889-0000530,regular,18_25,F,S0030,2023-03-20,active
P000531,UTC-8810-0000531,regular,41_60,M,S0032,2019-12-04,active
P000532,UTC-9181-0000532,student,under_18,M,S0048,2025-10-16,active
P000533,UTC-1910-0000533,regular,41_60,M,S0037,2019-09-01,active
P000534,UTC-3356-0000534,student,18_25,M,S0039,2026-06-20,active
P000535,UTC-7880-0000535,senior,60_plus,F,S0034,2021-12-23,active
P000536,UTC-2452-0000536,regular,18_25,M,S0050,2020-08-16,active
P000537,UTC-4947-0000537,regular,26_40,M,S0096,2026-04-23,active
P000538,UTC-5067-0000538,regular,26_40,M,S0115,2025-10-27,active
P000539,UTC-6349-0000539,regular,26_40,M,S0096,2026-05-16,active
P000540,UTC-1827-0000540,student,18_25,F,S0029,2024-08-03,active
P000541,UTC-4697-0000541,senior,60_plus,F,S0076,2025-06-06,active
P000542,UTC-5555-0000542,student,18_25,M,S0031,2023-03-02,active
P000543,UTC-3331-0000543,student,18_25,F,S0039,2025-10-09,active
P000544,UTC-4807-0000544,regular,18_25,M,S0036,2026-03-19,active
P000545,UTC-6492-0000545,senior,60_plus,F,S0038,2025-02-05,active
P000546,UTC-8448-0000546,regular,41_60,F,S0126,2020-10-09,active
P000547,UTC-8462-0000547,regular,18_25,F,S0121,2021-10-18,active
P000548,UTC-2350-0000548,regular,26_40,F,S0025,2024-02-08,active
P000549,UTC-5288-0000549,regular,26_40,M,S0048,2022-09-09,active
P000550,UTC-1249-0000550,student,18_25,M,S0062,2025-06-04,active
P000551,UTC-6666-0000551,regular,26_40,M,S0121,2019-04-20,active
P000552,UTC-7503-0000552,student,18_25,M,S0045,2022-10-05,active
P000553,UTC-2426-0000553,regular,26_40,F,S0034,2024-09-08,active
P000554,UTC-9893-0000554,regular,41_60,M,S0081,2025-01-23,active
P000555,UTC-3020-0000555,regular,41_60,M,S0031,2024-01-30,active
P000556,UTC-3291-0000556,regular,26_40,F,S0043,2020-05-26,active
P000557,UTC-9672-0000557,regular,18_25,M,S0043,2026-05-09,active
P000558,UTC-7314-0000558,student,under_18,F,S0031,2021-09-20,active
P000559,UTC-1587-0000559,regular,26_40,F,S0051,2019-06-23,active
P000560,UTC-7156-0000560,student,under_18,F,S0040,2022-09-01,active
P000561,UTC-7045-0000561,regular,41_60,M,S0080,2020-03-10,active
P000562,UTC-2664-0000562,regular,41_60,M,S0075,2023-07-16,active
P000563,UTC-4394-0000563,student,under_18,M,S0036,2025-08-10,active
P000564,UTC-7283-0000564,regular,26_40,M,S0035,2023-08-28,active
P000565,UTC-6772-0000565,regular,26_40,M,S0039,2019-10-04,active
P000566,UTC-2825-0000566,regular,26_40,M,S0039,2026-02-18,active
P000567,UTC-3703-0000567,regular,26_40,F,S0038,2021-01-29,active
P000568,UTC-3606-0000568,regular,26_40,F,S0037,2021-12-12,active
P000569,UTC-3199-0000569,regular,26_40,X,S0073,2022-09-24,active
P000570,UTC-9557-0000570,regular,41_60,M,S0048,2025-12-06,active
P000571,UTC-6849-0000571,senior,60_plus,M,S0049,2023-04-02,active
P000572,UTC-5986-0000572,student,18_25,F,S0048,2023-04-12,active
P000573,UTC-2003-0000573,regular,41_60,F,S0044,2026-05-03,active
P000574,UTC-3121-0000574,regular,26_40,M,S0029,2023-02-06,active
P000575,UTC-5347-0000575,regular,41_60,F,S0048,2022-07-25,active
P000576,UTC-4953-0000576,student,18_25,M,S0048,2025-10-12,active
P000577,UTC-1202-0000577,regular,26_40,M,S0036,2024-03-23,active
P000578,UTC-6309-0000578,student,18_25,F,S0004,2024-04-08,active
P000579,UTC-1577-0000579,regular,26_40,X,S0037,2024-01-01,active
P000580,UTC-4005-0000580,regular,18_25,F,S0031,2022-09-23,active
P000581,UTC-5902-0000581,regular,18_25,M,S0049,2026-03-25,active
P000582,UTC-7898-0000582,regular,26_40,M,S0027,2026-03-20,active
P000583,UTC-4962-0000583,regular,18_25,F,S0036,2019-08-26,active
P000584,UTC-3024-0000584,regular,18_25,M,S0041,2026-08-08,active
P000585,UTC-9943-0000585,regular,26_40,M,S0031,2019-09-04,active
P000586,UTC-3520-0000586,regular,41_60,F,S0041,2025-10-05,active
P000587,UTC-3874-0000587,regular,18_25,M,S0038,2024-07-21,active
P000588,UTC-5230-0000588,regular,41_60,M,S0029,2024-10-11,active
P000589,UTC-4221-0000589,regular,26_40,F,S0025,2020-04-14,active
P000590,UTC-2319-0000590,student,under_18,M,S0031,2025-02-02,active
P000591,UTC-7718-0000591,regular,41_60,F,S0031,2021-02-03,active
P000592,UTC-2805-0000592,regular,26_40,M,S0078,2023-08-12,active
P000593,UTC-9381-0000593,disabled,18_25,M,S0059,2025-02-20,active
P000594,UTC-6407-0000594,regular,26_40,M,S0029,2020-03-09,active
P000595,UTC-4751-0000595,regular,41_60,F,S0031,2022-03-31,active
P000596,UTC-8503-0000596,regular,41_60,F,S0049,2025-04-01,active
P000597,UTC-3320-0000597,regular,26_40,F,S0073,2019-04-06,active
P000598,UTC-5520-0000598,regular,60_plus,F,S0034,2021-09-13,active
P000599,UTC-6502-0000599,regular,26_40,M,S0046,2021-03-16,active
P000600,UTC-4643-0000600,disabled,26_40,M,S0042,2019-02-20,active
P000601,UTC-7658-0000601,regular,60_plus,M,S0056,2019-01-01,active
P000602,UTC-8294-0000602,regular,41_60,M,S0047,2025-03-10,active
P000603,UTC-4836-0000603,regular,18_25,X,S0043,2026-02-25,active
P000604,UTC-4839-0000604,regular,18_25,M,S0047,2022-04-12,active
P000605,UTC-7179-0000605,regular,26_40,M,S0075,2022-06-08,active
P000606,UTC-5016-0000606,senior,60_plus,X,S0032,2019-01-20,active
P000607,UTC-2961-0000607,student,18_25,M,S0116,2020-09-08,active
P000608,UTC-5968-0000608,regular,26_40,F,S0111,2024-06-07,active
P000609,UTC-3248-0000609,student,18_25,F,S0044,2024-06-06,active
P000610,UTC-5296-0000610,regular,26_40,F,S0035,2020-08-14,active
P000611,UTC-5016-0000611,regular,26_40,M,S0050,2023-12-19,active
P000612,UTC-1860-0000612,regular,41_60,F,S0029,2021-04-20,active
P000613,UTC-6416-0000613,regular,41_60,M,S0029,2020-11-07,active
P000614,UTC-4065-0000614,student,under_18,M,S0034,2025-10-27,active
P000615,UTC-7820-0000615,regular,41_60,M,S0039,2022-02-06,active
P000616,UTC-1135-0000616,regular,41_60,M,S0076,2026-02-13,active
P000617,UTC-3662-0000617,regular,18_25,M,S0034,2021-10-11,active
P000618,UTC-3312-0000618,regular,41_60,M,S0077,2021-05-25,active
P000619,UTC-1349-0000619,regular,41_60,M,S0037,2019-04-29,active
P000620,UTC-1894-0000620,regular,26_40,F,S0040,2020-10-12,expired
P000621,UTC-4430-0000621,regular,26_40,M,S0050,2021-08-25,active
P000622,UTC-1850-0000622,senior,60_plus,F,S0029,2019-05-28,active
P000623,UTC-5277-0000623,regular,41_60,M,S0054,2023-10-04,active
P000624,UTC-9479-0000624,regular,26_40,M,S0036,2023-05-13,blocked
P000625,UTC-5417-0000625,disabled,26_40,F,S0039,2023-08-04,active
P000626,UTC-7543-0000626,regular,18_25,M,S0027,2026-02-19,active
P000627,UTC-2553-0000627,regular,18_25,M,S0033,2026-07-07,active
P000628,UTC-6132-0000628,regular,41_60,M,S0045,2022-01-14,active
P000629,UTC-2992-0000629,student,under_18,F,S0077,2025-08-24,active
P000630,UTC-7045-0000630,regular,26_40,F,S0050,2026-02-17,active
P000631,UTC-9012-0000631,student,under_18,F,S0034,2019-06-21,active
P000632,UTC-6961-0000632,regular,18_25,F,S0045,2021-03-02,active
P000633,UTC-9575-0000633,senior,60_plus,F,S0036,2020-06-06,active
P000634,UTC-3495-0000634,student,under_18,M,S0066,2026-06-16,active
P000635,UTC-3994-0000635,regular,41_60,M,S0050,2022-09-07,active
P000636,UTC-6528-0000636,student,under_18,M,S0043,2020-02-09,active
P000637,UTC-1133-0000637,regular,41_60,M,S0031,2026-07-24,active
P000638,UTC-3940-0000638,regular,18_25,F,S0059,2021-06-09,active
P000639,UTC-9433-0000639,regular,18_25,M,S0076,2023-08-24,active
P000640,UTC-7004-0000640,student,18_25,M,S0038,2023-10-05,active
P000641,UTC-6196-0000641,regular,26_40,M,S0034,2026-08-01,active
P000642,UTC-2795-0000642,regular,18_25,M,S0036,2025-11-21,active
P000643,UTC-2001-0000643,regular,41_60,F,S0035,2024-07-25,active
P000644,UTC-9418-0000644,regular,26_40,M,S0039,2019-12-07,active
P000645,UTC-2656-0000645,regular,41_60,M,S0083,2025-12-19,active
P000646,UTC-9314-0000646,student,18_25,F,S0082,2022-09-24,active
P000647,UTC-5856-0000647,regular,60_plus,M,S0031,2019-11-19,active
P000648,UTC-1583-0000648,senior,60_plus,M,S0073,2021-10-26,active
P000649,UTC-6861-0000649,regular,26_40,M,S0029,2025-12-18,active
P000650,UTC-4488-0000650,regular,26_40,M,S0049,2026-02-18,expired
P000651,UTC-3333-0000651,regular,60_plus,F,S0033,2025-06-12,active
P000652,UTC-6658-0000652,student,under_18,F,S0047,2019-03-13,active
P000653,UTC-1430-0000653,student,under_18,M,S0045,2025-10-01,active
P000654,UTC-6347-0000654,regular,18_25,M,S0032,2021-12-16,active
P000655,UTC-7093-0000655,regular,26_40,M,S0045,2020-04-14,active
P000656,UTC-9390-0000656,regular,26_40,M,S0050,2020-06-08,active
P000657,UTC-3994-0000657,student,under_18,M,S0126,2024-02-17,active
P000658,UTC-5982-0000658,regular,26_40,F,S0055,2021-04-07,active
P000659,UTC-5531-0000659,senior,60_plus,M,S0033,2022-02-27,active
P000660,UTC-5271-0000660,regular,60_plus,M,S0004,2020-11-10,active
P000661,UTC-6004-0000661,regular,26_40,M,S0112,2025-12-03,blocked
P000662,UTC-8109-0000662,regular,18_25,F,S0082,2019-07-08,active
P000663,UTC-9346-0000663,regular,18_25,F,S0030,2023-10-11,active
P000664,UTC-8488-0000664,regular,26_40,M,S0099,2019-09-03,active
P000665,UTC-9340-0000665,regular,60_plus,M,S0090,2026-02-07,active
P000666,UTC-4203-0000666,regular,18_25,M,S0081,2022-08-10,active
P000667,UTC-3991-0000667,regular,18_25,F,S0029,2022-07-31,active
P000668,UTC-3309-0000668,regular,18_25,X,S0038,2023-11-24,active
P000669,UTC-1770-0000669,regular,26_40,M,S0041,2026-08-10,active
P000670,UTC-4844-0000670,regular,41_60,F,S0046,2025-08-22,active
P000671,UTC-4665-0000671,regular,41_60,F,S0086,2025-08-01,active
P000672,UTC-9906-0000672,regular,26_40,F,S0074,2019-03-31,active
P000673,UTC-2728-0000673,regular,26_40,M,S0005,2026-01-18,expired
P000674,UTC-9414-0000674,student,18_25,M,S0004,2021-04-15,blocked
P000675,UTC-2113-0000675,disabled,41_60,F,S0071,2026-07-17,active
P000676,UTC-2640-0000676,regular,26_40,M,S0056,2021-10-02,active
P000677,UTC-8039-0000677,regular,26_40,M,S0050,2019-11-26,active
P000678,UTC-3586-0000678,regular,26_40,M,S0045,2026-06-14,active
P000679,UTC-1789-0000679,regular,18_25,F,S0033,2025-09-17,active
P000680,UTC-4514-0000680,regular,60_plus,M,S0025,2024-10-02,active
P000681,UTC-6992-0000681,regular,26_40,M,S0041,2021-08-18,active
P000682,UTC-9237-0000682,student,under_18,M,S0123,2025-09-08,active
P000683,UTC-9044-0000683,regular,26_40,M,S0046,2020-06-09,active
P000684,UTC-6005-0000684,regular,18_25,M,S0049,2021-10-09,active
P000685,UTC-2543-0000685,student,18_25,M,S0025,2026-05-03,active
P000686,UTC-1527-0000686,senior,60_plus,F,S0070,2023-01-27,active
P000687,UTC-2875-0000687,regular,41_60,M,S0033,2024-12-28,active
P000688,UTC-8652-0000688,regular,41_60,F,S0029,2026-03-05,active
P000689,UTC-8952-0000689,student,18_25,F,S0030,2025-06-09,active
P000690,UTC-4700-0000690,student,18_25,F,S0085,2023-02-01,active
P000691,UTC-9681-0000691,regular,18_25,M,S0097,2026-06-01,active
P000692,UTC-9699-0000692,regular,41_60,M,S0034,2021-08-15,active
P000693,UTC-6207-0000693,regular,41_60,F,S0030,2024-02-29,active
P000694,UTC-9931-0000694,student,under_18,F,S0030,2020-02-26,active
P000695,UTC-8253-0000695,regular,60_plus,F,S0077,2021-08-11,active
P000696,UTC-1265-0000696,student,under_18,F,S0048,2022-01-01,active
P000697,UTC-1559-0000697,regular,26_40,M,S0082,2025-10-25,active
P000698,UTC-9064-0000698,regular,26_40,M,S0041,2025-02-27,active
P000699,UTC-5925-0000699,senior,60_plus,F,S0088,2021-11-24,active
P000700,UTC-6412-0000700,student,18_25,M,S0039,2023-11-25,active
P000701,UTC-3252-0000701,regular,41_60,F,S0035,2024-11-21,active
P000702,UTC-8007-0000702,regular,41_60,F,S0032,2024-01-27,active
P000703,UTC-7798-0000703,student,18_25,M,S0038,2026-03-12,active
P000704,UTC-1605-0000704,student,18_25,M,S0036,2023-06-14,active
P000705,UTC-1638-0000705,regular,26_40,F,S0041,2026-07-31,active
P000706,UTC-4725-0000706,student,18_25,F,S0048,2024-09-12,active
P000707,UTC-9680-0000707,disabled,18_25,M,S0067,2021-10-17,active
P000708,UTC-6543-0000708,regular,26_40,F,S0037,2019-02-12,active
P000709,UTC-8967-0000709,student,18_25,M,S0032,2026-03-30,active
P000710,UTC-6868-0000710,student,18_25,F,S0005,2019-09-21,blocked
P000711,UTC-6125-0000711,regular,41_60,M,S0039,2022-06-19,active
P000712,UTC-5299-0000712,disabled,41_60,F,S0019,2025-12-22,active
P000713,UTC-3439-0000713,regular,41_60,F,S0049,2020-03-17,active
P000714,UTC-5909-0000714,regular,26_40,M,S0030,2023-09-21,active
P000715,UTC-7950-0000715,regular,60_plus,F,S0058,2022-10-02,active
P000716,UTC-5960-0000716,senior,60_plus,M,S0029,2021-04-28,active
P000717,UTC-5348-0000717,senior,60_plus,M,S0042,2025-12-08,active
P000718,UTC-4046-0000718,student,18_25,M,S0120,2019-03-17,active
P000719,UTC-7004-0000719,regular,41_60,M,S0045,2021-07-07,active
P000720,UTC-2267-0000720,regular,26_40,M,S0032,2026-07-15,active
P000721,UTC-2511-0000721,regular,41_60,M,S0044,2026-06-26,active
P000722,UTC-5160-0000722,regular,18_25,M,S0045,2026-07-28,active
P000723,UTC-1965-0000723,regular,26_40,M,S0092,2026-07-10,expired
P000724,UTC-9455-0000724,regular,26_40,F,S0076,2022-05-15,active
P000725,UTC-8014-0000725,student,18_25,F,S0123,2021-09-17,active
P000726,UTC-5724-0000726,regular,41_60,F,S0017,2019-06-03,active
P000727,UTC-9838-0000727,regular,26_40,F,S0060,2020-10-27,active
P000728,UTC-6089-0000728,regular,26_40,M,S0034,2026-03-24,active
P000729,UTC-7621-0000729,regular,18_25,F,S0030,2021-08-02,active
P000730,UTC-5763-0000730,regular,41_60,M,S0070,2021-11-13,active
P000731,UTC-4316-0000731,regular,18_25,F,S0051,2026-07-11,active
P000732,UTC-9212-0000732,regular,26_40,F,S0045,2019-05-21,active
P000733,UTC-3105-0000733,regular,41_60,F,S0004,2026-08-03,active
P000734,UTC-6139-0000734,regular,41_60,F,S0036,2024-03-13,active
P000735,UTC-7125-0000735,student,18_25,M,S0111,2021-08-31,active
P000736,UTC-9631-0000736,senior,60_plus,X,S0079,2021-06-15,active
P000737,UTC-2983-0000737,student,under_18,F,S0005,2022-10-26,active
P000738,UTC-4909-0000738,regular,18_25,M,S0035,2025-11-18,blocked
P000739,UTC-6639-0000739,regular,26_40,M,S0035,2021-08-13,active
P000740,UTC-2124-0000740,regular,18_25,F,S0076,2019-06-16,active
P000741,UTC-3100-0000741,regular,41_60,M,S0005,2026-04-03,active
P000742,UTC-7232-0000742,regular,18_25,M,S0045,2022-03-31,active
P000743,UTC-2343-0000743,regular,26_40,M,S0005,2023-05-03,active
P000744,UTC-1697-0000744,regular,26_40,M,S0047,2025-11-29,active
P000745,UTC-4894-0000745,regular,18_25,M,S0076,2021-12-22,active
P000746,UTC-1288-0000746,regular,18_25,F,S0036,2019-02-12,active
P000747,UTC-5679-0000747,senior,60_plus,F,S0031,2023-02-15,active
P000748,UTC-9300-0000748,student,under_18,M,S0035,2026-03-07,active
P000749,UTC-8116-0000749,regular,41_60,F,S0038,2022-02-16,active
P000750,UTC-7017-0000750,regular,18_25,F,S0030,2025-07-10,active
P000751,UTC-7238-0000751,regular,18_25,M,S0104,2023-05-27,active
P000752,UTC-8955-0000752,regular,26_40,F,S0040,2020-08-17,active
P000753,UTC-8874-0000753,student,under_18,F,S0071,2025-09-06,active
P000754,UTC-6977-0000754,regular,18_25,F,S0030,2022-12-29,active
P000755,UTC-2243-0000755,disabled,41_60,M,S0031,2019-05-18,active
P000756,UTC-3904-0000756,regular,18_25,M,S0053,2019-02-07,active
P000757,UTC-4882-0000757,regular,26_40,M,S0033,2025-11-10,active
P000758,UTC-1267-0000758,student,under_18,M,S0075,2026-03-31,active
P000759,UTC-9155-0000759,regular,26_40,M,S0072,2026-03-11,active
P000760,UTC-7504-0000760,regular,18_25,F,S0040,2019-05-15,active
P000761,UTC-5357-0000761,regular,41_60,M,S0069,2023-06-25,active
P000762,UTC-9421-0000762,regular,41_60,M,S0031,2020-01-31,active
P000763,UTC-7756-0000763,regular,26_40,F,S0109,2023-07-31,active
P000764,UTC-8501-0000764,regular,26_40,F,S0091,2021-07-14,active
P000765,UTC-2174-0000765,student,18_25,F,S0050,2021-08-14,active
P000766,UTC-1985-0000766,regular,26_40,F,S0004,2026-03-03,active
P000767,UTC-8742-0000767,senior,60_plus,F,S0037,2022-05-10,expired
P000768,UTC-1906-0000768,regular,26_40,M,S0103,2022-12-15,active
P000769,UTC-9269-0000769,senior,60_plus,F,S0006,2024-01-06,active
P000770,UTC-9763-0000770,student,18_25,M,S0031,2024-04-19,active
P000771,UTC-8273-0000771,regular,41_60,M,S0030,2026-07-05,active
P000772,UTC-7755-0000772,regular,18_25,F,S0038,2026-08-12,active
P000773,UTC-5054-0000773,student,under_18,F,S0004,2026-05-16,active
P000774,UTC-2680-0000774,student,under_18,F,S0059,2022-12-31,active
P000775,UTC-3818-0000775,regular,18_25,M,S0031,2025-10-08,active
P000776,UTC-4398-0000776,regular,18_25,M,S0055,2019-05-12,active
P000777,UTC-9892-0000777,regular,18_25,F,S0004,2025-12-20,active
P000778,UTC-5568-0000778,regular,18_25,M,S0078,2021-03-26,active
P000779,UTC-1420-0000779,regular,18_25,F,S0069,2019-04-19,active
P000780,UTC-6840-0000780,regular,26_40,M,S0033,2022-07-13,active
P000781,UTC-1878-0000781,regular,26_40,F,S0034,2022-05-02,active
P000782,UTC-2025-0000782,regular,41_60,M,S0037,2026-04-15,blocked
P000783,UTC-2639-0000783,regular,60_plus,F,S0035,2019-01-18,active
P000784,UTC-1146-0000784,regular,41_60,F,S0030,2025-09-22,active
P000785,UTC-1416-0000785,disabled,26_40,F,S0053,2020-03-06,active
P000786,UTC-1877-0000786,student,18_25,F,S0040,2019-07-28,active
P000787,UTC-8061-0000787,regular,26_40,M,S0031,2019-11-19,active
P000788,UTC-9125-0000788,senior,60_plus,F,S0041,2020-02-03,active
P000789,UTC-5352-0000789,senior,60_plus,F,S0036,2019-03-21,active
P000790,UTC-3701-0000790,student,18_25,F,S0050,2026-04-05,active
P000791,UTC-5706-0000791,regular,18_25,M,S0051,2020-12-15,active
P000792,UTC-4855-0000792,student,under_18,F,S0055,2023-02-23,active
P000793,UTC-7978-0000793,disabled,26_40,F,S0070,2021-12-25,active
P000794,UTC-8105-0000794,student,18_25,M,S0040,2019-10-31,active
P000795,UTC-6246-0000795,regular,26_40,M,S0064,2026-03-22,active
P000796,UTC-7005-0000796,regular,60_plus,M,S0034,2022-08-02,active
P000797,UTC-5722-0000797,regular,18_25,F,S0062,2026-06-02,active
P000798,UTC-5153-0000798,regular,26_40,M,S0029,2020-01-31,active
P000799,UTC-3262-0000799,regular,26_40,M,S0044,2022-05-15,active
P000800,UTC-4042-0000800,student,under_18,M,S0049,2026-02-28,active
P000801,UTC-4149-0000801,senior,60_plus,F,S0034,2024-01-29,active
P000802,UTC-7598-0000802,senior,60_plus,M,S0004,2026-04-18,active
P000803,UTC-1586-0000803,regular,26_40,F,S0049,2024-12-08,blocked
P000804,UTC-1085-0000804,regular,26_40,M,S0054,2026-03-18,active
P000805,UTC-8396-0000805,regular,18_25,M,S0044,2026-05-25,active
P000806,UTC-2065-0000806,regular,18_25,M,S0042,2023-03-10,active
P000807,UTC-4614-0000807,senior,60_plus,F,S0043,2020-09-19,active
P000808,UTC-5952-0000808,regular,18_25,M,S0041,2026-08-08,active
P000809,UTC-4847-0000809,regular,18_25,M,S0025,2026-07-10,active
P000810,UTC-5099-0000810,regular,26_40,M,S0038,2019-01-02,active
P000811,UTC-3326-0000811,regular,26_40,F,S0121,2021-12-02,active
P000812,UTC-2720-0000812,student,18_25,F,S0038,2025-02-12,active
P000813,UTC-2099-0000813,regular,26_40,X,S0084,2026-05-22,active
P000814,UTC-4836-0000814,regular,18_25,F,S0040,2025-10-16,active
P000815,UTC-1310-0000815,regular,60_plus,F,S0031,2021-08-13,active
P000816,UTC-6033-0000816,regular,26_40,M,S0044,2025-11-28,active
P000817,UTC-4329-0000817,senior,60_plus,F,S0068,2021-11-03,active
P000818,UTC-8460-0000818,regular,26_40,M,S0037,2025-07-08,active
P000819,UTC-6294-0000819,regular,26_40,F,S0104,2025-02-28,active
P000820,UTC-1637-0000820,student,18_25,F,S0029,2025-05-02,active
P000821,UTC-3060-0000821,regular,41_60,F,S0085,2025-03-09,active
P000822,UTC-7177-0000822,regular,18_25,M,S0019,2021-08-01,active
P000823,UTC-8712-0000823,regular,41_60,M,S0089,2025-02-25,active
P000824,UTC-1424-0000824,regular,26_40,F,S0034,2026-03-05,active
P000825,UTC-4950-0000825,regular,18_25,F,S0053,2026-07-12,active
P000826,UTC-9119-0000826,student,under_18,M,S0046,2019-08-14,active
P000827,UTC-7751-0000827,student,18_25,F,S0040,2025-05-28,active
P000828,UTC-4613-0000828,student,18_25,M,S0031,2026-01-21,active
P000829,UTC-8131-0000829,student,18_25,M,S0109,2026-03-20,active
P000830,UTC-6874-0000830,student,18_25,F,S0048,2025-04-20,active
P000831,UTC-3288-0000831,student,under_18,M,S0006,2020-08-23,active
P000832,UTC-7484-0000832,student,under_18,M,S0080,2025-04-29,blocked
P000833,UTC-8871-0000833,student,under_18,F,S0015,2024-01-12,active
P000834,UTC-1484-0000834,regular,26_40,F,S0032,2026-04-21,active
P000835,UTC-5834-0000835,regular,41_60,F,S0109,2026-06-16,active
P000836,UTC-2222-0000836,regular,26_40,F,S0056,2025-02-19,active
P000837,UTC-2524-0000837,senior,60_plus,M,S0034,2026-04-21,active
P000838,UTC-8774-0000838,regular,26_40,F,S0005,2025-07-09,active
P000839,UTC-8776-0000839,regular,60_plus,F,S0038,2020-03-23,active
P000840,UTC-2669-0000840,regular,18_25,F,S0043,2022-12-25,active
P000841,UTC-7490-0000841,student,18_25,F,S0037,2021-11-02,active
P000842,UTC-3931-0000842,regular,18_25,F,S0034,2022-03-22,active
P000843,UTC-5799-0000843,regular,41_60,F,S0072,2021-11-24,active
P000844,UTC-3136-0000844,regular,41_60,X,S0091,2020-04-25,active
P000845,UTC-9409-0000845,regular,18_25,F,S0029,2019-09-23,active
P000846,UTC-6313-0000846,regular,18_25,M,S0092,2019-01-01,active
P000847,UTC-2457-0000847,regular,18_25,F,S0046,2024-07-15,active
P000848,UTC-5014-0000848,regular,26_40,F,S0125,2019-04-20,expired
P000849,UTC-5764-0000849,regular,41_60,M,S0062,2023-10-05,active
P000850,UTC-1102-0000850,regular,26_40,X,S0059,2024-04-25,active
P000851,UTC-1587-0000851,regular,41_60,M,S0004,2021-04-02,active
P000852,UTC-3371-0000852,regular,41_60,F,S0039,2022-08-17,active
P000853,UTC-4103-0000853,senior,60_plus,F,S0037,2025-03-14,active
P000854,UTC-9068-0000854,senior,60_plus,F,S0042,2026-02-23,active
P000855,UTC-9221-0000855,senior,60_plus,X,S0077,2026-03-12,active
P000856,UTC-8333-0000856,regular,18_25,M,S0036,2025-01-02,active
P000857,UTC-9895-0000857,student,18_25,F,S0072,2026-03-15,active
P000858,UTC-7900-0000858,student,18_25,M,S0048,2022-01-11,active
P000859,UTC-9766-0000859,regular,26_40,F,S0088,2022-12-01,active
P000860,UTC-1845-0000860,student,under_18,F,S0049,2026-01-27,active
P000861,UTC-6950-0000861,student,18_25,M,S0029,2022-04-03,active
P000862,UTC-2581-0000862,student,under_18,M,S0078,2024-11-25,active
P000863,UTC-2294-0000863,regular,26_40,M,S0032,2025-05-13,active
P000864,UTC-7579-0000864,regular,18_25,M,S0035,2019-12-07,active
P000865,UTC-5600-0000865,regular,41_60,F,S0068,2021-07-03,active
P000866,UTC-5000-0000866,student,under_18,F,S0082,2025-09-08,active
P000867,UTC-3509-0000867,student,18_25,M,S0035,2019-11-17,active
P000868,UTC-7533-0000868,regular,18_25,M,S0032,2025-08-22,expired
P000869,UTC-8101-0000869,regular,41_60,F,S0029,2020-08-16,active
P000870,UTC-9282-0000870,regular,26_40,X,S0048,2022-11-23,active
P000871,UTC-4552-0000871,regular,26_40,M,S0071,2026-02-15,active
P000872,UTC-6720-0000872,regular,60_plus,F,S0059,2023-08-30,active
P000873,UTC-3675-0000873,senior,60_plus,M,S0042,2025-09-07,active
P000874,UTC-3445-0000874,student,under_18,M,S0047,2026-02-24,active
P000875,UTC-7278-0000875,regular,41_60,F,S0033,2026-07-12,active
P000876,UTC-4541-0000876,regular,41_60,M,S0036,2023-08-19,active
P000877,UTC-6475-0000877,regular,41_60,M,S0044,2021-04-27,active
P000878,UTC-1631-0000878,regular,18_25,F,S0048,2022-04-08,active
P000879,UTC-8485-0000879,regular,41_60,F,S0050,2025-12-03,blocked
P000880,UTC-6803-0000880,regular,60_plus,F,S0005,2025-05-28,active
P000881,UTC-3044-0000881,senior,60_plus,F,S0043,2021-04-18,active
P000882,UTC-9344-0000882,senior,60_plus,M,S0034,2021-10-11,active
P000883,UTC-9400-0000883,regular,41_60,M,S0047,2025-12-26,active
P000884,UTC-7032-0000884,regular,26_40,F,S0049,2020-12-05,active
P000885,UTC-8371-0000885,regular,41_60,M,S0098,2026-07-07,active
P000886,UTC-4707-0000886,regular,26_40,F,S0124,2020-10-24,active
P000887,UTC-7682-0000887,regular,26_40,M,S0071,2022-03-01,active
P000888,UTC-7582-0000888,regular,26_40,F,S0050,2026-01-25,active
P000889,UTC-5979-0000889,regular,26_40,M,S0005,2023-11-25,active
P000890,UTC-5010-0000890,student,18_25,F,S0042,2019-08-11,active
P000891,UTC-4245-0000891,senior,60_plus,X,S0030,2022-09-06,active
P000892,UTC-9089-0000892,regular,18_25,F,S0045,2020-04-16,active
P000893,UTC-3424-0000893,disabled,26_40,M,S0102,2022-11-19,active
P000894,UTC-3742-0000894,student,under_18,M,S0004,2025-07-14,active
P000895,UTC-8877-0000895,senior,60_plus,F,S0037,2026-05-08,active
P000896,UTC-4032-0000896,regular,26_40,F,S0089,2022-05-25,active
P000897,UTC-8749-0000897,regular,26_40,M,S0049,2026-05-17,active
P000898,UTC-8006-0000898,student,18_25,M,S0083,2023-03-29,active
P000899,UTC-6440-0000899,student,18_25,F,S0044,2019-11-09,active
P000900,UTC-3164-0000900,regular,26_40,M,S0046,2020-09-15,active
P000901,UTC-5228-0000901,regular,26_40,M,S0117,2026-04-23,active
P000902,UTC-8036-0000902,student,under_18,F,S0036,2024-01-22,active
P000903,UTC-1022-0000903,student,18_25,F,S0035,2022-12-02,active
P000904,UTC-1639-0000904,regular,26_40,F,S0037,2019-05-13,active
P000905,UTC-7215-0000905,regular,41_60,F,S0046,2025-12-07,active
P000906,UTC-8391-0000906,regular,41_60,F,S0119,2026-02-16,expired
P000907,UTC-1195-0000907,regular,26_40,M,S0032,2021-08-12,active
P000908,UTC-8780-0000908,student,18_25,F,S0031,2019-05-14,active
P000909,UTC-2671-0000909,regular,26_40,M,S0082,2023-02-07,active
P000910,UTC-9968-0000910,regular,26_40,F,S0113,2024-04-02,active
P000911,UTC-8172-0000911,student,18_25,M,S0017,2024-04-12,active
P000912,UTC-9859-0000912,student,under_18,F,S0035,2019-04-02,active
P000913,UTC-2493-0000913,regular,26_40,F,S0035,2019-04-23,active
P000914,UTC-8193-0000914,regular,18_25,F,S0015,2023-09-30,active
P000915,UTC-1820-0000915,senior,60_plus,M,S0025,2022-04-21,active
P000916,UTC-6710-0000916,senior,60_plus,M,S0097,2019-10-10,active
P000917,UTC-5015-0000917,regular,26_40,F,S0032,2020-05-26,active
P000918,UTC-1091-0000918,student,under_18,F,S0066,2022-02-27,active
P000919,UTC-2937-0000919,regular,26_40,F,S0049,2023-11-17,active
P000920,UTC-2877-0000920,regular,41_60,M,S0037,2025-11-08,active
P000921,UTC-9344-0000921,regular,41_60,M,S0039,2025-10-04,active
P000922,UTC-6059-0000922,regular,41_60,M,S0039,2021-01-19,active
P000923,UTC-4327-0000923,regular,26_40,F,S0046,2022-08-12,active
P000924,UTC-2458-0000924,regular,41_60,M,S0089,2019-05-22,active
P000925,UTC-4255-0000925,regular,18_25,M,S0045,2021-06-01,active
P000926,UTC-5149-0000926,regular,41_60,F,S0091,2025-02-27,active
P000927,UTC-1611-0000927,regular,41_60,M,S0047,2024-05-01,active
P000928,UTC-5438-0000928,regular,26_40,M,S0037,2026-01-13,active
P000929,UTC-4004-0000929,regular,26_40,M,S0049,2023-04-03,active
P000930,UTC-4374-0000930,senior,60_plus,F,S0039,2019-10-07,active
P000931,UTC-4399-0000931,regular,26_40,M,S0053,2023-12-13,active
P000932,UTC-4904-0000932,student,under_18,F,S0050,2025-05-02,active
P000933,UTC-7728-0000933,regular,18_25,F,S0037,2019-05-30,expired
P000934,UTC-8054-0000934,regular,18_25,M,S0047,2023-02-18,active
P000935,UTC-5038-0000935,student,18_25,M,S0055,2026-07-28,active
P000936,UTC-2224-0000936,student,18_25,M,S0053,2022-04-19,active
P000937,UTC-3487-0000937,regular,26_40,M,S0035,2026-07-22,active
P000938,UTC-3720-0000938,senior,60_plus,F,S0045,2026-07-05,active
P000939,UTC-8889-0000939,regular,41_60,M,S0042,2022-06-04,active
P000940,UTC-3671-0000940,regular,26_40,X,S0069,2022-05-09,active
P000941,UTC-9395-0000941,regular,26_40,M,S0030,2021-06-24,active
P000942,UTC-2948-0000942,regular,26_40,M,S0004,2019-07-12,active
P000943,UTC-9783-0000943,student,18_25,M,S0043,2025-10-22,active
P000944,UTC-3301-0000944,regular,41_60,M,S0032,2025-07-17,active
P000945,UTC-5603-0000945,regular,26_40,M,S0115,2022-01-28,active
P000946,UTC-8485-0000946,regular,18_25,M,S0042,2023-05-26,active
P000947,UTC-6137-0000947,senior,60_plus,M,S0069,2025-12-28,active
P000948,UTC-8139-0000948,regular,26_40,M,S0004,2025-11-15,active
P000949,UTC-5992-0000949,student,under_18,F,S0068,2026-01-02,active
P000950,UTC-2903-0000950,regular,18_25,M,S0047,2019-08-12,active
P000951,UTC-3431-0000951,regular,41_60,F,S0070,2026-05-08,active
P000952,UTC-1411-0000952,regular,60_plus,M,S0059,2026-07-17,active
P000953,UTC-6120-0000953,regular,26_40,F,S0111,2022-12-29,active
P000954,UTC-5916-0000954,regular,26_40,M,S0112,2026-06-27,active
P000955,UTC-9524-0000955,senior,60_plus,M,S0067,2020-01-30,active
P000956,UTC-7352-0000956,regular,60_plus,M,S0043,2021-10-22,active
P000957,UTC-5923-0000957,student,under_18,F,S0032,2021-05-20,active
P000958,UTC-3187-0000958,regular,26_40,F,S0034,2023-01-22,active
P000959,UTC-2963-0000959,student,18_25,M,S0033,2020-09-18,active
P000960,UTC-7987-0000960,regular,26_40,F,S0070,2021-01-18,active
P000961,UTC-7314-0000961,regular,41_60,F,S0029,2025-12-07,active
P000962,UTC-7936-0000962,regular,41_60,M,S0049,2025-11-29,expired
P000963,UTC-2021-0000963,regular,41_60,M,S0029,2022-09-05,active
P000964,UTC-5132-0000964,senior,60_plus,F,S0044,2025-06-18,active
P000965,UTC-2905-0000965,student,18_25,M,S0045,2025-01-26,active
P000966,UTC-7511-0000966,regular,26_40,F,S0070,2023-06-23,active
P000967,UTC-8767-0000967,regular,26_40,F,S0042,2025-08-02,active
P000968,UTC-9828-0000968,regular,41_60,F,S0078,2019-03-19,active
P000969,UTC-9092-0000969,regular,26_40,X,S0035,2026-08-05,active
P000970,UTC-9179-0000970,regular,41_60,M,S0077,2026-04-10,active
P000971,UTC-9220-0000971,student,under_18,M,S0055,2023-05-30,active
P000972,UTC-8121-0000972,student,18_25,F,S0049,2026-07-12,active
P000973,UTC-2896-0000973,regular,18_25,M,S0085,2023-01-07,active
P000974,UTC-6962-0000974,regular,26_40,M,S0059,2025-02-22,active
P000975,UTC-8894-0000975,regular,41_60,M,S0006,2025-08-17,active
P000976,UTC-6449-0000976,student,under_18,M,S0039,2019-12-25,active
P000977,UTC-7408-0000977,regular,41_60,M,S0076,2025-06-15,active
P000978,UTC-4658-0000978,regular,26_40,M,S0004,2019-12-13,active
P000979,UTC-8420-0000979,regular,18_25,F,S0040,2024-11-20,active
P000980,UTC-4330-0000980,regular,18_25,M,S0045,2021-02-07,active
P000981,UTC-7185-0000981,student,under_18,M,S0043,2026-04-12,active
P000982,UTC-7532-0000982,student,under_18,M,S0044,2020-10-19,active
P000983,UTC-7144-0000983,regular,18_25,F,S0005,2026-03-23,active
P000984,UTC-6803-0000984,senior,60_plus,M,S0031,2020-05-06,active
P000985,UTC-7076-0000985,regular,18_25,F,S0040,2025-04-11,active
P000986,UTC-1457-0000986,regular,60_plus,M,S0045,2024-11-04,active
P000987,UTC-5654-0000987,regular,41_60,F,S0063,2024-07-13,active
P000988,UTC-8762-0000988,regular,41_60,M,S0046,2021-01-27,active
P000989,UTC-3251-0000989,student,18_25,M,S0044,2019-04-14,active
P000990,UTC-5376-0000990,regular,26_40,F,S0032,2022-11-03,active
P000991,UTC-3090-0000991,regular,26_40,M,S0004,2025-06-22,active
P000992,UTC-2736-0000992,regular,26_40,M,S0031,2021-08-19,active
P000993,UTC-7720-0000993,regular,18_25,M,S0050,2019-06-28,active
P000994,UTC-1421-0000994,regular,26_40,F,S0048,2026-06-17,active
P000995,UTC-6536-0000995,regular,26_40,F,S0042,2024-01-08,active
P000996,UTC-7333-0000996,regular,41_60,M,S0035,2023-12-09,active
P000997,UTC-6130-0000997,student,under_18,M,S0031,2026-06-02,active
P000998,UTC-8549-0000998,regular,60_plus,M,S0042,2025-10-20,active
P000999,UTC-5666-0000999,student,18_25,M,S0039,2023-04-19,active
P001000,UTC-7011-0001000,regular,41_60,X,S0055,2022-03-19,active
P001001,UTC-1050-0001001,disabled,26_40,M,S0034,2020-06-19,active
P001002,UTC-4448-0001002,regular,26_40,F,S0036,2026-06-07,active
P001003,UTC-9633-0001003,student,18_25,M,S0033,2026-05-18,active
P001004,UTC-7215-0001004,regular,26_40,M,S0050,2026-07-03,active
P001005,UTC-7228-0001005,regular,26_40,F,S0037,2021-10-06,active
P001006,UTC-4672-0001006,regular,26_40,F,S0067,2019-02-19,active
P001007,UTC-6709-0001007,regular,18_25,F,S0044,2022-01-01,active
P001008,UTC-9230-0001008,regular,41_60,F,S0090,2022-12-27,active
P001009,UTC-9619-0001009,regular,26_40,M,S0037,2019-12-20,active
P001010,UTC-2142-0001010,regular,18_25,M,S0041,2026-01-20,active
P001011,UTC-4605-0001011,regular,41_60,F,S0046,2019-08-17,active
P001012,UTC-3154-0001012,regular,41_60,M,S0029,2026-04-27,active
P001013,UTC-8209-0001013,regular,41_60,X,S0064,2023-01-13,active
P001014,UTC-5641-0001014,student,18_25,M,S0005,2024-10-03,active
P001015,UTC-2111-0001015,student,under_18,M,S0049,2025-09-14,active
P001016,UTC-2712-0001016,student,under_18,M,S0043,2019-12-21,active
P001017,UTC-8179-0001017,senior,60_plus,F,S0081,2026-01-24,active
P001018,UTC-1347-0001018,regular,26_40,M,S0048,2025-07-20,active
P001019,UTC-6406-0001019,senior,60_plus,F,S0091,2019-09-17,active
P001020,UTC-8263-0001020,regular,26_40,M,S0031,2026-07-15,active
P001021,UTC-1695-0001021,regular,41_60,M,S0067,2020-09-18,blocked
P001022,UTC-5565-0001022,regular,41_60,M,S0004,2024-04-23,active
P001023,UTC-4964-0001023,regular,18_25,M,S0029,2022-09-05,active
P001024,UTC-4005-0001024,regular,26_40,F,S0004,2021-03-20,active
P001025,UTC-6432-0001025,regular,18_25,M,S0040,2026-04-07,active
P001026,UTC-4464-0001026,senior,60_plus,F,S0004,2023-07-22,active
P001027,UTC-4111-0001027,regular,18_25,M,S0050,2019-07-08,active
P001028,UTC-9985-0001028,regular,26_40,F,S0089,2025-01-01,active
P001029,UTC-8164-0001029,student,under_18,F,S0030,2024-03-03,active
P001030,UTC-5117-0001030,regular,26_40,F,S0079,2022-09-20,active
P001031,UTC-4545-0001031,regular,41_60,F,S0044,2020-01-18,active
P001032,UTC-3213-0001032,regular,26_40,M,S0055,2025-12-02,active
P001033,UTC-8702-0001033,regular,41_60,M,S0040,2022-10-10,active
P001034,UTC-3183-0001034,student,18_25,M,S0042,2023-05-28,active
P001035,UTC-5074-0001035,regular,18_25,M,S0037,2025-08-02,active
P001036,UTC-2501-0001036,regular,26_40,F,S0035,2019-03-23,active
P001037,UTC-3197-0001037,regular,41_60,M,S0092,2019-08-28,active
P001038,UTC-2031-0001038,regular,26_40,M,S0088,2026-01-15,expired
P001039,UTC-9828-0001039,regular,41_60,F,S0071,2026-04-04,active
P001040,UTC-8299-0001040,regular,26_40,M,S0048,2025-04-19,active
P001041,UTC-9527-0001041,regular,18_25,M,S0025,2026-02-15,active
P001042,UTC-6224-0001042,regular,26_40,M,S0048,2024-03-09,active
P001043,UTC-2573-0001043,student,18_25,F,S0066,2024-05-16,active
P001044,UTC-9568-0001044,regular,26_40,M,S0106,2025-12-26,active
P001045,UTC-1753-0001045,regular,18_25,F,S0048,2022-03-28,active
P001046,UTC-3268-0001046,regular,18_25,F,S0034,2023-08-10,active
P001047,UTC-9257-0001047,regular,26_40,M,S0033,2023-08-16,active
P001048,UTC-9131-0001048,regular,41_60,F,S0042,2024-08-31,active
P001049,UTC-5898-0001049,student,18_25,M,S0125,2026-01-13,active
P001050,UTC-9172-0001050,regular,18_25,F,S0044,2024-01-26,active
P001051,UTC-5230-0001051,regular,26_40,M,S0071,2021-01-11,active
P001052,UTC-7522-0001052,regular,26_40,F,S0072,2026-05-05,active
P001053,UTC-7759-0001053,regular,60_plus,F,S0032,2025-07-26,expired
P001054,UTC-5011-0001054,student,under_18,F,S0017,2023-09-15,active
P001055,UTC-5128-0001055,student,18_25,M,S0044,2026-07-15,active
P001056,UTC-2675-0001056,student,18_25,F,S0123,2026-07-28,active
P001057,UTC-7300-0001057,regular,26_40,F,S0040,2024-06-20,active
P001058,UTC-5971-0001058,regular,18_25,M,S0071,2025-11-04,active
P001059,UTC-5214-0001059,regular,41_60,F,S0035,2026-01-28,active
P001060,UTC-6333-0001060,regular,41_60,F,S0064,2021-03-12,active
P001061,UTC-4271-0001061,student,under_18,M,S0047,2026-06-20,active
P001062,UTC-6877-0001062,regular,26_40,F,S0019,2019-02-12,active
P001063,UTC-7528-0001063,regular,18_25,M,S0101,2020-07-08,active
P001064,UTC-7090-0001064,student,under_18,M,S0048,2025-12-23,active
P001065,UTC-9311-0001065,regular,26_40,F,S0033,2026-07-04,active
P001066,UTC-3990-0001066,student,18_25,M,S0005,2025-03-09,active
P001067,UTC-6189-0001067,senior,60_plus,F,S0031,2021-04-12,active
P001068,UTC-4084-0001068,student,under_18,F,S0029,2023-03-10,active
P001069,UTC-9153-0001069,regular,41_60,M,S0033,2026-05-08,active
P001070,UTC-5569-0001070,regular,18_25,F,S0005,2026-02-27,active
P001071,UTC-6785-0001071,regular,26_40,M,S0032,2023-11-21,active
P001072,UTC-6021-0001072,regular,60_plus,M,S0049,2025-09-26,active
P001073,UTC-7961-0001073,regular,18_25,F,S0046,2024-09-28,expired
P001074,UTC-8538-0001074,regular,18_25,M,S0054,2019-05-23,active
P001075,UTC-9096-0001075,regular,18_25,M,S0041,2019-09-16,active
P001076,UTC-3396-0001076,disabled,26_40,F,S0025,2026-08-07,active
P001077,UTC-9695-0001077,regular,18_25,M,S0027,2026-06-13,active
P001078,UTC-2159-0001078,regular,26_40,M,S0126,2024-06-25,active
P001079,UTC-1764-0001079,regular,41_60,F,S0049,2026-03-23,active
P001080,UTC-7772-0001080,regular,41_60,F,S0043,2019-03-17,active
P001081,UTC-5138-0001081,senior,60_plus,F,S0030,2022-11-15,active
P001082,UTC-9560-0001082,student,18_25,F,S0046,2024-01-29,active
P001083,UTC-4971-0001083,regular,26_40,M,S0051,2023-11-24,active
P001084,UTC-1925-0001084,regular,26_40,M,S0093,2025-12-23,active
P001085,UTC-9528-0001085,senior,60_plus,F,S0105,2026-05-21,active
P001086,UTC-1990-0001086,senior,60_plus,M,S0055,2019-02-09,active
P001087,UTC-1994-0001087,regular,18_25,F,S0042,2022-04-20,active
P001088,UTC-8301-0001088,regular,18_25,M,S0114,2025-09-23,active
P001089,UTC-7710-0001089,senior,60_plus,M,S0030,2026-07-01,active
P001090,UTC-3067-0001090,regular,18_25,F,S0037,2023-02-01,active
P001091,UTC-9583-0001091,regular,26_40,F,S0086,2023-09-20,active
P001092,UTC-7714-0001092,regular,18_25,M,S0093,2022-03-22,active
P001093,UTC-5816-0001093,regular,18_25,M,S0040,2026-01-10,expired
P001094,UTC-7843-0001094,regular,41_60,M,S0005,2026-04-01,active
P001095,UTC-4849-0001095,student,under_18,M,S0066,2022-10-18,active
P001096,UTC-6128-0001096,regular,18_25,M,S0044,2020-09-14,active
P001097,UTC-6219-0001097,student,18_25,M,S0034,2023-06-06,active
P001098,UTC-7115-0001098,regular,60_plus,F,S0065,2026-03-14,active
P001099,UTC-3847-0001099,regular,18_25,F,S0030,2024-11-05,active
P001100,UTC-1495-0001100,regular,26_40,M,S0076,2019-03-15,active
P001101,UTC-2045-0001101,regular,26_40,X,S0055,2021-03-29,active
P001102,UTC-6513-0001102,student,under_18,F,S0089,2020-03-16,active
P001103,UTC-6418-0001103,regular,41_60,F,S0076,2021-11-05,active
P001104,UTC-6665-0001104,regular,18_25,M,S0031,2019-05-06,active
P001105,UTC-4058-0001105,student,under_18,M,S0046,2019-06-08,active
P001106,UTC-6794-0001106,regular,26_40,M,S0004,2021-03-20,active
P001107,UTC-4075-0001107,regular,26_40,M,S0050,2019-11-04,active
P001108,UTC-7735-0001108,regular,41_60,F,S0063,2020-01-26,active
P001109,UTC-6989-0001109,student,18_25,F,S0033,2025-10-29,active
P001110,UTC-9532-0001110,student,18_25,M,S0047,2026-07-06,active
P001111,UTC-5770-0001111,regular,26_40,F,S0004,2019-03-28,active
P001112,UTC-9605-0001112,disabled,18_25,M,S0102,2019-04-21,active
P001113,UTC-8657-0001113,regular,26_40,F,S0034,2023-08-19,active
P001114,UTC-6017-0001114,regular,60_plus,M,S0035,2026-05-01,active
P001115,UTC-3059-0001115,disabled,18_25,M,S0029,2025-09-29,active
P001116,UTC-5129-0001116,regular,18_25,M,S0035,2024-09-08,active
P001117,UTC-8162-0001117,regular,26_40,F,S0050,2024-03-31,active
P001118,UTC-6681-0001118,student,under_18,M,S0045,2022-01-19,active
P001119,UTC-6600-0001119,regular,26_40,M,S0039,2022-11-14,active
P001120,UTC-3263-0001120,student,18_25,M,S0035,2024-06-30,expired
P001121,UTC-9407-0001121,regular,41_60,F,S0076,2022-05-09,active
P001122,UTC-5152-0001122,regular,18_25,M,S0091,2026-02-22,active
P001123,UTC-4465-0001123,regular,18_25,M,S0045,2022-10-23,active
P001124,UTC-7751-0001124,regular,41_60,M,S0091,2026-01-10,active
P001125,UTC-4024-0001125,regular,18_25,M,S0042,2020-03-06,active
P001126,UTC-7512-0001126,regular,41_60,M,S0048,2026-06-28,active
P001127,UTC-2985-0001127,student,18_25,M,S0039,2024-06-08,active
P001128,UTC-6994-0001128,regular,41_60,F,S0032,2024-06-20,active
P001129,UTC-2899-0001129,regular,18_25,F,S0064,2020-11-19,active
P001130,UTC-4485-0001130,student,18_25,F,S0042,2025-11-22,active
P001131,UTC-7267-0001131,regular,26_40,F,S0106,2020-07-10,active
P001132,UTC-7559-0001132,regular,41_60,M,S0125,2023-02-19,active
P001133,UTC-8990-0001133,regular,26_40,F,S0042,2025-12-21,active
P001134,UTC-2859-0001134,regular,26_40,M,S0048,2025-04-18,active
P001135,UTC-3185-0001135,regular,18_25,M,S0043,2024-08-26,active
P001136,UTC-6701-0001136,student,18_25,F,S0047,2026-06-24,active
P001137,UTC-3280-0001137,regular,18_25,M,S0061,2025-05-06,active
P001138,UTC-5368-0001138,regular,41_60,F,S0043,2026-07-28,active
P001139,UTC-5263-0001139,regular,26_40,F,S0086,2025-03-18,active
P001140,UTC-9869-0001140,student,under_18,M,S0025,2026-03-02,active
P001141,UTC-2508-0001141,regular,26_40,M,S0055,2022-04-17,active
P001142,UTC-1862-0001142,regular,26_40,F,S0028,2022-09-23,active
P001143,UTC-3679-0001143,regular,18_25,F,S0047,2020-08-07,active
P001144,UTC-5597-0001144,student,under_18,F,S0039,2025-12-24,active
P001145,UTC-7920-0001145,disabled,60_plus,F,S0093,2020-03-13,active
P001146,UTC-9560-0001146,regular,26_40,M,S0126,2024-10-01,active
P001147,UTC-6182-0001147,regular,60_plus,M,S0029,2020-02-27,active
P001148,UTC-2546-0001148,student,18_25,M,S0033,2022-04-09,active
P001149,UTC-8745-0001149,regular,26_40,M,S0017,2025-11-17,active
P001150,UTC-7205-0001150,regular,18_25,M,S0005,2025-09-17,active
P001151,UTC-3361-0001151,student,under_18,M,S0070,2021-10-09,active
P001152,UTC-6240-0001152,student,under_18,M,S0106,2021-02-08,active
P001153,UTC-6842-0001153,regular,18_25,M,S0051,2023-04-27,active
P001154,UTC-6523-0001154,regular,26_40,F,S0035,2019-07-09,active
P001155,UTC-4705-0001155,regular,18_25,M,S0035,2026-01-05,active
P001156,UTC-4546-0001156,regular,41_60,M,S0029,2026-02-07,active
P001157,UTC-8218-0001157,senior,60_plus,F,S0030,2020-03-20,active
P001158,UTC-7769-0001158,regular,26_40,F,S0029,2025-12-02,active
P001159,UTC-5183-0001159,regular,18_25,F,S0004,2021-05-23,active
P001160,UTC-1495-0001160,regular,41_60,M,S0063,2025-04-28,active
P001161,UTC-6263-0001161,regular,26_40,F,S0038,2022-04-11,active
P001162,UTC-8084-0001162,regular,18_25,F,S0044,2026-01-19,active
P001163,UTC-4025-0001163,regular,26_40,M,S0029,2020-01-28,active
P001164,UTC-7759-0001164,regular,41_60,F,S0005,2019-07-26,active
P001165,UTC-7199-0001165,regular,41_60,M,S0035,2026-08-13,blocked
P001166,UTC-7319-0001166,regular,41_60,F,S0042,2022-03-24,active
P001167,UTC-7002-0001167,regular,26_40,F,S0037,2021-07-24,active
P001168,UTC-8780-0001168,regular,41_60,M,S0120,2026-05-27,active
P001169,UTC-7578-0001169,regular,41_60,M,S0031,2019-04-29,active
P001170,UTC-1284-0001170,student,under_18,M,S0050,2022-01-31,active
P001171,UTC-2100-0001171,regular,26_40,M,S0067,2023-03-12,active
P001172,UTC-6391-0001172,student,18_25,M,S0047,2019-01-23,active
P001173,UTC-4605-0001173,student,18_25,M,S0030,2024-02-02,active
P001174,UTC-4005-0001174,regular,26_40,F,S0040,2024-01-05,active
P001175,UTC-8905-0001175,student,18_25,M,S0005,2026-07-26,active
P001176,UTC-2611-0001176,regular,41_60,F,S0047,2025-12-30,active
P001177,UTC-3236-0001177,regular,26_40,X,S0043,2024-06-30,active
P001178,UTC-6315-0001178,regular,26_40,F,S0044,2019-06-23,active
P001179,UTC-5018-0001179,student,18_25,M,S0036,2019-06-08,active
P001180,UTC-2831-0001180,regular,18_25,F,S0034,2020-12-05,active
P001181,UTC-2214-0001181,student,under_18,F,S0048,2021-05-25,active
P001182,UTC-1759-0001182,regular,18_25,F,S0028,2024-06-23,active
P001183,UTC-5348-0001183,student,18_25,M,S0050,2024-01-17,active
P001184,UTC-5539-0001184,senior,60_plus,M,S0031,2026-01-03,active
P001185,UTC-1140-0001185,student,under_18,M,S0081,2024-07-28,active
P001186,UTC-5114-0001186,regular,26_40,F,S0066,2020-02-18,active
P001187,UTC-9577-0001187,regular,26_40,F,S0068,2024-10-20,active
P001188,UTC-4653-0001188,regular,41_60,M,S0041,2023-01-14,expired
P001189,UTC-4754-0001189,regular,26_40,F,S0050,2026-04-22,active
P001190,UTC-4409-0001190,regular,26_40,M,S0050,2021-09-10,active
P001191,UTC-1302-0001191,regular,26_40,F,S0005,2023-09-26,active
P001192,UTC-4136-0001192,student,18_25,M,S0093,2021-02-05,active
P001193,UTC-1587-0001193,regular,41_60,M,S0035,2020-09-28,active
P001194,UTC-1685-0001194,disabled,18_25,M,S0113,2021-03-11,active
P001195,UTC-7938-0001195,regular,18_25,M,S0045,2026-02-04,active
P001196,UTC-1431-0001196,regular,41_60,M,S0030,2024-06-05,active
P001197,UTC-8443-0001197,regular,26_40,F,S0079,2026-01-28,active
P001198,UTC-3738-0001198,disabled,26_40,M,S0042,2020-01-11,active
P001199,UTC-2296-0001199,regular,26_40,M,S0049,2024-02-28,expired
P001200,UTC-7204-0001200,regular,41_60,M,S0045,2020-03-12,active
P001201,UTC-3853-0001201,regular,18_25,M,S0006,2019-08-02,active
P001202,UTC-3655-0001202,regular,26_40,F,S0046,2026-07-21,active
P001203,UTC-9707-0001203,senior,60_plus,M,S0057,2023-10-30,active
P001204,UTC-3133-0001204,student,under_18,M,S0079,2019-04-14,active
P001205,UTC-9995-0001205,regular,26_40,M,S0112,2021-06-30,active
P001206,UTC-5775-0001206,regular,41_60,F,S0006,2026-01-10,active
P001207,UTC-3819-0001207,regular,60_plus,M,S0092,2023-07-22,active
P001208,UTC-2054-0001208,regular,26_40,F,S0038,2023-01-02,active
P001209,UTC-6792-0001209,regular,60_plus,M,S0052,2024-08-23,active
P001210,UTC-5978-0001210,regular,26_40,F,S0047,2025-06-02,expired
P001211,UTC-9664-0001211,regular,18_25,M,S0039,2024-08-05,active
P001212,UTC-2068-0001212,student,18_25,M,S0036,2026-01-31,active
P001213,UTC-8697-0001213,regular,41_60,M,S0036,2020-07-22,active
P001214,UTC-5699-0001214,student,18_25,M,S0033,2021-09-11,active
P001215,UTC-2973-0001215,regular,60_plus,M,S0068,2026-06-01,active
P001216,UTC-2309-0001216,senior,60_plus,M,S0049,2019-05-26,active
P001217,UTC-7322-0001217,regular,26_40,F,S0037,2022-12-27,active
P001218,UTC-6529-0001218,regular,26_40,M,S0004,2020-08-03,active
P001219,UTC-2541-0001219,student,18_25,F,S0044,2019-03-03,active
P001220,UTC-6333-0001220,senior,60_plus,M,S0118,2026-02-14,active
P001221,UTC-8526-0001221,regular,26_40,F,S0038,2026-01-08,active
P001222,UTC-6186-0001222,student,under_18,F,S0071,2020-02-11,active
P001223,UTC-6861-0001223,regular,26_40,M,S0053,2020-08-03,active
P001224,UTC-4806-0001224,senior,60_plus,F,S0034,2026-03-04,active
P001225,UTC-1482-0001225,regular,18_25,M,S0059,2026-07-04,active
P001226,UTC-5226-0001226,regular,18_25,F,S0041,2026-01-05,active
P001227,UTC-7317-0001227,senior,60_plus,M,S0048,2022-07-15,active
P001228,UTC-1524-0001228,regular,26_40,F,S0030,2022-02-09,active
P001229,UTC-6208-0001229,student,under_18,M,S0048,2026-07-04,active
P001230,UTC-2622-0001230,student,18_25,M,S0034,2020-04-27,active
P001231,UTC-6439-0001231,regular,18_25,M,S0027,2025-11-29,active
P001232,UTC-5843-0001232,regular,26_40,M,S0033,2023-02-21,active
P001233,UTC-4927-0001233,regular,18_25,F,S0037,2020-03-24,active
P001234,UTC-2461-0001234,student,under_18,M,S0100,2025-09-21,active
P001235,UTC-7106-0001235,regular,18_25,M,S0088,2022-03-26,active
P001236,UTC-4557-0001236,student,18_25,F,S0122,2019-08-21,active
P001237,UTC-3217-0001237,senior,60_plus,M,S0070,2020-09-06,active
P001238,UTC-7519-0001238,student,18_25,M,S0125,2020-03-13,active
P001239,UTC-3217-0001239,regular,18_25,M,S0046,2026-06-10,active
P001240,UTC-9247-0001240,regular,18_25,M,S0035,2020-09-30,active
P001241,UTC-6601-0001241,senior,60_plus,F,S0030,2026-01-31,active
P001242,UTC-9044-0001242,regular,26_40,M,S0080,2023-05-31,active
P001243,UTC-9567-0001243,regular,41_60,M,S0114,2019-06-01,active
P001244,UTC-3107-0001244,student,18_25,F,S0038,2026-06-24,expired
P001245,UTC-2552-0001245,student,under_18,M,S0049,2023-07-18,active
P001246,UTC-7294-0001246,regular,18_25,M,S0030,2020-10-22,active
P001247,UTC-9091-0001247,senior,60_plus,F,S0065,2019-09-16,blocked
P001248,UTC-8235-0001248,student,under_18,F,S0043,2025-04-08,active
P001249,UTC-1999-0001249,student,18_25,M,S0123,2022-05-15,active
P001250,UTC-7121-0001250,regular,41_60,M,S0039,2023-09-06,active
P001251,UTC-3186-0001251,disabled,18_25,M,S0041,2026-02-07,active
P001252,UTC-8427-0001252,regular,41_60,F,S0040,2021-11-15,active
P001253,UTC-1058-0001253,student,18_25,M,S0114,2019-11-11,active
P001254,UTC-8653-0001254,student,18_25,M,S0081,2021-06-16,active
P001255,UTC-6542-0001255,regular,18_25,F,S0041,2020-04-20,active
P001256,UTC-3291-0001256,student,under_18,M,S0038,2025-05-08,active
P001257,UTC-5440-0001257,regular,41_60,F,S0120,2019-10-31,active
P001258,UTC-7270-0001258,regular,18_25,F,S0066,2021-02-16,active
P001259,UTC-2514-0001259,regular,26_40,F,S0047,2025-03-21,active
P001260,UTC-4331-0001260,regular,26_40,M,S0044,2024-08-14,active
P001261,UTC-1934-0001261,student,under_18,M,S0047,2026-05-02,active
P001262,UTC-5588-0001262,regular,26_40,M,S0005,2025-11-11,active
P001263,UTC-4074-0001263,regular,18_25,M,S0042,2021-12-21,active
P001264,UTC-8286-0001264,regular,26_40,F,S0041,2020-12-22,active
P001265,UTC-5545-0001265,regular,41_60,F,S0004,2025-03-21,active
P001266,UTC-5058-0001266,regular,26_40,M,S0025,2021-10-03,active
P001267,UTC-1981-0001267,student,under_18,M,S0032,2026-01-29,active
P001268,UTC-5319-0001268,regular,26_40,F,S0038,2026-06-25,active
P001269,UTC-1268-0001269,regular,60_plus,M,S0085,2026-07-20,active
P001270,UTC-5495-0001270,student,under_18,F,S0037,2024-03-10,active
P001271,UTC-9746-0001271,student,18_25,M,S0041,2021-05-16,expired
P001272,UTC-2409-0001272,regular,41_60,F,S0005,2026-03-08,expired
P001273,UTC-6028-0001273,regular,41_60,M,S0040,2019-03-28,blocked
P001274,UTC-7076-0001274,student,18_25,M,S0033,2024-10-05,active
P001275,UTC-6867-0001275,regular,18_25,M,S0049,2022-01-11,active
P001276,UTC-7925-0001276,regular,41_60,F,S0034,2025-10-18,active
P001277,UTC-4133-0001277,regular,41_60,M,S0044,2023-11-25,active
P001278,UTC-6605-0001278,regular,18_25,F,S0047,2022-06-17,active
P001279,UTC-6315-0001279,regular,26_40,F,S0042,2023-07-21,active
P001280,UTC-9998-0001280,student,under_18,M,S0121,2025-08-02,active
P001281,UTC-5436-0001281,regular,18_25,M,S0031,2019-07-26,active
P001282,UTC-4144-0001282,regular,18_25,M,S0110,2023-06-05,active
P001283,UTC-6196-0001283,regular,41_60,F,S0031,2020-07-21,active
P001284,UTC-4948-0001284,regular,26_40,M,S0042,2022-02-05,active
P001285,UTC-9619-0001285,regular,26_40,F,S0041,2026-05-31,active
P001286,UTC-3022-0001286,senior,60_plus,M,S0039,2023-10-02,active
P001287,UTC-1532-0001287,regular,18_25,M,S0031,2021-03-02,active
P001288,UTC-4885-0001288,student,18_25,M,S0076,2023-04-16,active
P001289,UTC-3762-0001289,regular,26_40,F,S0037,2023-09-03,active
P001290,UTC-9234-0001290,regular,18_25,F,S0029,2021-04-08,active
P001291,UTC-4802-0001291,regular,18_25,M,S0048,2025-02-07,active
P001292,UTC-6050-0001292,student,18_25,M,S0006,2024-02-21,expired
P001293,UTC-7662-0001293,senior,60_plus,F,S0121,2025-12-12,active
P001294,UTC-5045-0001294,regular,26_40,F,S0047,2023-06-19,active
P001295,UTC-7575-0001295,regular,26_40,M,S0056,2026-01-14,active
P001296,UTC-2072-0001296,regular,26_40,F,S0031,2026-01-05,active
P001297,UTC-9634-0001297,student,under_18,M,S0064,2026-04-03,active
P001298,UTC-5015-0001298,student,under_18,F,S0040,2026-05-28,active
P001299,UTC-9685-0001299,regular,41_60,M,S0068,2025-01-02,active
P001300,UTC-8837-0001300,regular,26_40,F,S0043,2025-06-26,active
P001301,UTC-4121-0001301,regular,26_40,M,S0054,2026-05-08,active
P001302,UTC-8160-0001302,regular,26_40,F,S0037,2025-04-12,active
P001303,UTC-2602-0001303,regular,26_40,F,S0074,2025-09-19,active
P001304,UTC-5701-0001304,regular,26_40,M,S0029,2025-09-04,active
P001305,UTC-3733-0001305,regular,41_60,M,S0037,2019-09-19,active
P001306,UTC-9708-0001306,regular,26_40,M,S0027,2025-01-09,active
P001307,UTC-4592-0001307,regular,26_40,M,S0005,2026-01-30,active
P001308,UTC-6285-0001308,regular,41_60,F,S0039,2025-09-13,active
P001309,UTC-2286-0001309,regular,26_40,M,S0017,2021-06-18,active
P001310,UTC-1537-0001310,student,18_25,M,S0044,2021-10-26,active
P001311,UTC-1126-0001311,student,under_18,F,S0048,2019-06-25,active
P001312,UTC-6175-0001312,senior,60_plus,X,S0040,2026-02-20,active
P001313,UTC-9342-0001313,regular,41_60,M,S0051,2022-07-23,active
P001314,UTC-8552-0001314,regular,18_25,M,S0083,2023-04-05,expired
P001315,UTC-3340-0001315,regular,18_25,X,S0004,2026-02-11,active
P001316,UTC-3549-0001316,regular,41_60,M,S0120,2020-05-09,active
P001317,UTC-2604-0001317,senior,60_plus,F,S0032,2025-10-26,blocked
P001318,UTC-7732-0001318,regular,60_plus,M,S0050,2026-06-18,active
P001319,UTC-6953-0001319,regular,26_40,M,S0043,2019-06-09,active
P001320,UTC-5635-0001320,regular,26_40,M,S0046,2023-06-14,active
P001321,UTC-5171-0001321,regular,26_40,M,S0049,2026-02-17,active
P001322,UTC-8689-0001322,regular,41_60,M,S0004,2022-02-07,active
P001323,UTC-7055-0001323,regular,26_40,M,S0034,2020-05-23,active
P001324,UTC-5535-0001324,regular,18_25,F,S0040,2026-04-29,active
P001325,UTC-7026-0001325,regular,41_60,M,S0047,2021-09-18,active
P001326,UTC-4956-0001326,student,18_25,M,S0041,2025-07-28,active
P001327,UTC-3983-0001327,regular,41_60,M,S0032,2025-01-15,active
P001328,UTC-7926-0001328,regular,26_40,M,S0077,2019-10-24,active
P001329,UTC-7213-0001329,student,18_25,F,S0049,2026-01-15,active
P001330,UTC-1974-0001330,senior,60_plus,M,S0049,2019-09-07,active
P001331,UTC-3356-0001331,regular,18_25,F,S0042,2025-08-04,active
P001332,UTC-1237-0001332,regular,41_60,M,S0039,2025-09-26,active
P001333,UTC-1585-0001333,regular,41_60,F,S0068,2022-05-09,active
P001334,UTC-1345-0001334,student,18_25,M,S0074,2021-06-23,active
P001335,UTC-7916-0001335,regular,18_25,F,S0108,2019-05-25,active
P001336,UTC-9458-0001336,regular,26_40,M,S0005,2024-06-30,active
P001337,UTC-7764-0001337,student,under_18,F,S0045,2025-09-02,active
P001338,UTC-5899-0001338,regular,26_40,F,S0054,2021-09-12,active
P001339,UTC-7214-0001339,student,18_25,X,S0050,2026-06-16,active
P001340,UTC-2661-0001340,regular,26_40,F,S0070,2026-03-20,active
P001341,UTC-3770-0001341,regular,18_25,M,S0034,2026-02-04,active
P001342,UTC-4496-0001342,regular,41_60,M,S0119,2021-06-17,expired
P001343,UTC-9632-0001343,regular,26_40,M,S0038,2020-11-14,active
P001344,UTC-9189-0001344,regular,26_40,M,S0029,2026-03-06,active
P001345,UTC-9308-0001345,regular,41_60,F,S0004,2024-05-11,active
P001346,UTC-7341-0001346,regular,26_40,M,S0035,2026-02-26,active
P001347,UTC-7831-0001347,student,18_25,M,S0043,2025-11-06,active
P001348,UTC-9316-0001348,student,under_18,F,S0068,2022-04-10,active
P001349,UTC-8259-0001349,regular,60_plus,M,S0043,2022-04-11,active
P001350,UTC-2821-0001350,regular,18_25,M,S0122,2023-10-04,active
P001351,UTC-1381-0001351,student,under_18,F,S0039,2026-01-22,active
P001352,UTC-7355-0001352,regular,18_25,M,S0041,2025-11-10,active
P001353,UTC-6410-0001353,regular,26_40,M,S0044,2026-04-03,active
P001354,UTC-8230-0001354,student,under_18,F,S0005,2022-11-25,active
P001355,UTC-6257-0001355,regular,41_60,M,S0120,2024-01-15,active
P001356,UTC-9899-0001356,disabled,18_25,F,S0029,2025-09-02,blocked
P001357,UTC-8765-0001357,senior,60_plus,F,S0031,2026-06-28,active
P001358,UTC-2046-0001358,regular,18_25,M,S0040,2021-01-15,active
P001359,UTC-8632-0001359,regular,18_25,F,S0033,2026-03-24,active
P001360,UTC-9897-0001360,regular,18_25,F,S0046,2019-03-05,active
P001361,UTC-7972-0001361,regular,18_25,F,S0068,2025-03-30,active
P001362,UTC-2937-0001362,regular,18_25,M,S0015,2019-06-23,active
P001363,UTC-9768-0001363,student,18_25,M,S0113,2020-03-11,active
P001364,UTC-2035-0001364,regular,18_25,M,S0004,2019-12-12,active
P001365,UTC-6087-0001365,regular,26_40,M,S0050,2025-10-06,active
P001366,UTC-2311-0001366,regular,60_plus,F,S0049,2025-09-16,active
P001367,UTC-3418-0001367,regular,18_25,F,S0044,2025-01-01,active
P001368,UTC-3600-0001368,regular,41_60,M,S0076,2023-03-06,active
P001369,UTC-8175-0001369,regular,26_40,F,S0040,2021-02-08,active
P001370,UTC-8968-0001370,regular,26_40,M,S0032,2019-07-09,active
P001371,UTC-3984-0001371,student,under_18,F,S0049,2025-09-12,active
P001372,UTC-3577-0001372,regular,18_25,M,S0035,2025-07-25,active
P001373,UTC-2151-0001373,regular,26_40,F,S0039,2020-05-06,active
P001374,UTC-5907-0001374,regular,26_40,M,S0036,2023-01-18,active
P001375,UTC-2230-0001375,senior,60_plus,M,S0041,2020-12-04,active
P001376,UTC-6722-0001376,regular,18_25,X,S0041,2025-12-28,active
P001377,UTC-7811-0001377,regular,60_plus,F,S0099,2021-02-22,active
P001378,UTC-4620-0001378,regular,18_25,F,S0029,2021-06-12,active
P001379,UTC-5926-0001379,regular,41_60,F,S0038,2026-01-31,active
P001380,UTC-8731-0001380,regular,26_40,M,S0062,2023-09-29,active
P001381,UTC-1126-0001381,regular,18_25,M,S0076,2019-11-04,active
P001382,UTC-7210-0001382,regular,18_25,M,S0093,2026-03-17,active
P001383,UTC-6057-0001383,regular,26_40,M,S0047,2024-09-29,active
P001384,UTC-6242-0001384,regular,18_25,M,S0064,2026-08-02,active
P001385,UTC-5272-0001385,regular,26_40,F,S0029,2022-11-29,active
P001386,UTC-8880-0001386,regular,18_25,F,S0080,2026-01-16,active
P001387,UTC-9163-0001387,student,under_18,M,S0070,2023-06-12,active
P001388,UTC-7860-0001388,disabled,26_40,M,S0039,2025-11-22,active
P001389,UTC-1140-0001389,regular,18_25,F,S0004,2026-07-02,active
P001390,UTC-8419-0001390,regular,26_40,M,S0034,2025-04-12,active
P001391,UTC-5091-0001391,student,18_25,F,S0027,2021-08-19,active
P001392,UTC-5263-0001392,regular,26_40,F,S0019,2026-08-12,active
P001393,UTC-7137-0001393,regular,26_40,M,S0075,2022-01-03,active
P001394,UTC-3878-0001394,regular,18_25,M,S0038,2022-07-07,active
P001395,UTC-5499-0001395,regular,41_60,M,S0047,2019-04-02,active
P001396,UTC-1221-0001396,regular,26_40,F,S0030,2024-10-06,active
P001397,UTC-9106-0001397,regular,41_60,F,S0036,2025-03-15,active
P001398,UTC-7279-0001398,regular,41_60,M,S0045,2019-01-06,active
P001399,UTC-1366-0001399,regular,26_40,M,S0046,2019-08-03,active
P001400,UTC-1090-0001400,regular,26_40,M,S0047,2023-10-18,active
P001401,UTC-4975-0001401,regular,26_40,M,S0101,2025-03-22,active
P001402,UTC-2615-0001402,regular,41_60,F,S0042,2021-05-17,active
P001403,UTC-2229-0001403,regular,18_25,M,S0115,2024-07-20,active
P001404,UTC-5846-0001404,student,18_25,M,S0046,2024-10-26,active
P001405,UTC-8400-0001405,regular,41_60,F,S0004,2023-04-22,active
P001406,UTC-7736-0001406,regular,60_plus,F,S0076,2020-12-29,active
P001407,UTC-5652-0001407,regular,41_60,F,S0124,2021-11-13,active
P001408,UTC-1157-0001408,regular,41_60,M,S0029,2022-09-13,active
P001409,UTC-3386-0001409,regular,26_40,M,S0005,2026-06-10,active
P001410,UTC-8716-0001410,regular,60_plus,M,S0033,2023-12-19,active
P001411,UTC-4475-0001411,regular,26_40,M,S0058,2026-06-26,active
P001412,UTC-3156-0001412,student,18_25,M,S0084,2025-01-08,active
P001413,UTC-7192-0001413,regular,26_40,M,S0049,2021-02-08,active
P001414,UTC-9625-0001414,senior,60_plus,M,S0042,2020-02-09,active
P001415,UTC-4012-0001415,regular,18_25,M,S0070,2024-04-25,active
P001416,UTC-9203-0001416,senior,60_plus,F,S0049,2025-10-14,active
P001417,UTC-2138-0001417,senior,60_plus,M,S0041,2020-03-22,active
P001418,UTC-2182-0001418,regular,41_60,F,S0047,2024-05-31,active
P001419,UTC-9645-0001419,regular,18_25,M,S0121,2021-11-24,active
P001420,UTC-1690-0001420,regular,18_25,F,S0005,2024-07-15,active
P001421,UTC-2758-0001421,regular,18_25,M,S0040,2024-02-11,active
P001422,UTC-8668-0001422,student,18_25,M,S0030,2022-01-01,active
P001423,UTC-6043-0001423,senior,60_plus,F,S0029,2025-12-05,active
P001424,UTC-2806-0001424,regular,18_25,M,S0083,2024-01-17,active
P001425,UTC-6232-0001425,regular,26_40,F,S0067,2020-07-08,active
P001426,UTC-3146-0001426,regular,26_40,F,S0090,2019-03-22,active
P001427,UTC-3351-0001427,student,under_18,M,S0057,2026-07-27,active
P001428,UTC-2178-0001428,student,under_18,M,S0046,2019-05-02,active
P001429,UTC-1510-0001429,student,18_25,F,S0035,2026-08-15,expired
P001430,UTC-4739-0001430,regular,18_25,M,S0059,2025-11-29,active
P001431,UTC-6141-0001431,regular,18_25,F,S0025,2026-07-20,active
P001432,UTC-3864-0001432,regular,26_40,F,S0032,2023-09-20,active
P001433,UTC-5852-0001433,regular,26_40,F,S0029,2022-05-15,active
P001434,UTC-9671-0001434,regular,41_60,F,S0034,2026-05-18,active
P001435,UTC-3952-0001435,senior,60_plus,M,S0040,2024-08-03,active
P001436,UTC-6253-0001436,regular,26_40,M,S0044,2026-02-03,active
P001437,UTC-4071-0001437,regular,26_40,M,S0044,2026-05-15,active
P001438,UTC-5783-0001438,regular,41_60,M,S0052,2019-02-11,active
P001439,UTC-4508-0001439,regular,26_40,F,S0036,2026-01-05,active
P001440,UTC-6026-0001440,regular,26_40,F,S0033,2023-10-06,active
P001441,UTC-5075-0001441,student,18_25,M,S0015,2024-04-14,active
P001442,UTC-2935-0001442,disabled,41_60,M,S0044,2024-03-15,active
P001443,UTC-3986-0001443,regular,26_40,M,S0043,2026-03-07,active
P001444,UTC-2831-0001444,regular,41_60,F,S0004,2026-04-17,active
P001445,UTC-9506-0001445,student,under_18,F,S0067,2026-02-25,active
P001446,UTC-7314-0001446,senior,60_plus,F,S0099,2026-03-03,expired
P001447,UTC-5873-0001447,regular,18_25,F,S0005,2024-01-20,active
P001448,UTC-1284-0001448,senior,60_plus,F,S0087,2025-09-16,active
P001449,UTC-5797-0001449,regular,18_25,F,S0078,2020-07-28,active
P001450,UTC-9147-0001450,regular,41_60,M,S0029,2020-01-26,active
P001451,UTC-4263-0001451,regular,60_plus,M,S0035,2026-01-17,active
P001452,UTC-5871-0001452,student,under_18,M,S0059,2025-12-05,active
P001453,UTC-4635-0001453,student,under_18,F,S0039,2025-08-04,active
P001454,UTC-5647-0001454,regular,18_25,M,S0048,2024-06-01,active
P001455,UTC-3287-0001455,student,18_25,F,S0044,2023-04-01,active
P001456,UTC-9744-0001456,regular,41_60,M,S0046,2026-07-19,active
P001457,UTC-3186-0001457,regular,41_60,F,S0042,2019-09-10,active
P001458,UTC-5499-0001458,student,18_25,M,S0047,2020-12-15,active
P001459,UTC-5481-0001459,regular,41_60,F,S0054,2025-09-22,active
P001460,UTC-9678-0001460,student,18_25,M,S0049,2026-04-05,active
P001461,UTC-1396-0001461,regular,26_40,M,S0050,2025-04-09,active
P001462,UTC-5038-0001462,student,18_25,M,S0038,2025-09-27,expired
P001463,UTC-5547-0001463,student,under_18,F,S0049,2021-03-03,active
P001464,UTC-6755-0001464,student,18_25,F,S0034,2026-07-30,active
P001465,UTC-2265-0001465,regular,41_60,M,S0033,2025-09-28,active
P001466,UTC-6893-0001466,senior,60_plus,F,S0038,2025-06-15,active
P001467,UTC-3987-0001467,student,18_25,F,S0039,2022-04-19,active
P001468,UTC-4701-0001468,regular,18_25,F,S0029,2020-05-25,active
P001469,UTC-7419-0001469,student,18_25,M,S0093,2023-01-29,active
P001470,UTC-9685-0001470,senior,60_plus,M,S0035,2020-10-20,blocked
P001471,UTC-9663-0001471,regular,26_40,M,S0037,2021-08-17,active
P001472,UTC-1783-0001472,regular,18_25,F,S0043,2023-11-28,active
P001473,UTC-8383-0001473,student,18_25,M,S0033,2026-02-09,active
P001474,UTC-8534-0001474,regular,18_25,M,S0030,2023-07-13,active
P001475,UTC-2426-0001475,regular,60_plus,F,S0036,2022-10-23,active
P001476,UTC-2645-0001476,senior,60_plus,M,S0049,2025-01-10,blocked
P001477,UTC-3599-0001477,student,18_25,F,S0050,2026-05-05,active
P001478,UTC-5306-0001478,student,18_25,F,S0033,2026-03-10,active
P001479,UTC-4690-0001479,senior,60_plus,M,S0043,2026-08-08,active
P001480,UTC-1659-0001480,regular,41_60,M,S0040,2021-05-24,active
P001481,UTC-9239-0001481,regular,26_40,F,S0072,2024-02-25,active
P001482,UTC-9328-0001482,regular,26_40,M,S0035,2022-03-27,active
P001483,UTC-4887-0001483,regular,26_40,M,S0045,2019-06-10,active
P001484,UTC-1968-0001484,regular,18_25,M,S0049,2025-11-08,active
P001485,UTC-7027-0001485,regular,26_40,M,S0124,2025-09-27,active
P001486,UTC-9239-0001486,regular,41_60,M,S0044,2026-04-11,active
P001487,UTC-1030-0001487,regular,26_40,M,S0039,2025-06-17,active
P001488,UTC-4275-0001488,regular,26_40,M,S0113,2019-10-23,active
P001489,UTC-5548-0001489,student,under_18,M,S0005,2026-06-10,active
P001490,UTC-3263-0001490,regular,26_40,M,S0042,2025-10-10,expired
P001491,UTC-9348-0001491,regular,26_40,M,S0032,2025-12-31,active
P001492,UTC-5756-0001492,regular,41_60,M,S0124,2019-03-07,active
P001493,UTC-1048-0001493,regular,26_40,M,S0045,2026-04-15,blocked
P001494,UTC-6407-0001494,student,under_18,M,S0042,2021-06-29,active
P001495,UTC-5665-0001495,regular,18_25,M,S0037,2024-05-08,active
P001496,UTC-6400-0001496,student,18_25,M,S0046,2023-03-01,active
P001497,UTC-6987-0001497,student,under_18,F,S0029,2024-09-20,active
P001498,UTC-3626-0001498,regular,26_40,F,S0004,2022-07-27,active
P001499,UTC-9505-0001499,regular,18_25,F,S0050,2024-10-04,active
P001500,UTC-2069-0001500,regular,41_60,M,S0004,2019-12-16,active
