route_id,service_date,boardings,predicted,split
R001,2026-07-08,10459,8724.722018398274,test
R001,2026-07-09,13311,11437.825028317282,test
R001,2026-07-10,9941,10499.35804743867,test
R001,2026-07-11,7289,7890.2204834793865,test
R001,2026-07-12,5935,5781.155819259853,test
R001,2026-07-13,10170,12747.695637961848,test
R001,2026-07-14,14219,12508.832257895509,test
R001,2026-07-15,11278,10700.663430111555,test
R001,2026-07-16,11409,12238.000383834255,test
R001,2026-07-17,9121,9869.264777733406,test
R001,2026-07-18,6919,7234.0435354738,test
R001,2026-07-19,5204,5822.3910558826365,test
R001,2026-07-20,13848,11527.837081529584,test
R001,2026-07-21,13811,12859.242083589528,test
R001,2026-07-22,12396,12920.691941799934,test
R001,2026-07-23,13001,12298.71947100431,test
R001,2026-07-24,9819,8965.202788757488,test
R001,2026-07-25,8517,7297.352492734497,test
R001,2026-07-26,5980,5671.637234190682,test
R001,2026-07-27,10955,13636.583087066869,test
