trip_id,route_id,service_date,occupancy_pct,predicted,split
T2607037600,R001,2026-07-08,0.006666666666666667,0.08040328098583603,test
T2607037709,R001,2026-07-08,0.05333333333333334,0.079331029478422,test
T2607037791,R001,2026-07-08,0.16,0.19980911715731536,test
T2607037873,R001,2026-07-08,0.18666666666666668,0.1871595732017331,test
T2607037980,R001,2026-07-08,0.23333333333333334,0.18575703593158452,test
T2607038061,R001,2026-07-08,0.11333333333333333,0.18713761525340347,test
T2607038141,R001,2026-07-08,0.3466666666666667,0.24945969872237264,test
T2607038235,R001,2026-07-08,0.25333333333333335,0.24319479522514545,test
T2607038323,R001,2026-07-08,0.14666666666666667,0.23714462765723773,test
T2607038411,R001,2026-07-08,0.06666666666666667,0.2339074989453847,test
T2607038495,R001,2026-07-08,0.06666666666666667,0.23540348546293674,test
T2607038584,R001,2026-07-08,0.16666666666666666,0.235279242704129,test
T2607038679,R001,2026-07-08,0.26666666666666666,0.2788052945103952,test
T2607038766,R001,2026-07-08,0.3333333333333333,0.26593725409480895,test
T2607038851,R001,2026-07-08,0.10666666666666667,0.2706571344922198,test
T2607038940,R001,2026-07-08,0.11333333333333333,0.2526340376649664,test
T2607039032,R001,2026-07-08,0.24,0.24616757690967045,test
T2607039381,R001,2026-07-08,0.15333333333333332,0.2309771813285345,test
T2607039478,R001,2026-07-08,0.12666666666666668,0.2281457138062281,test
T2607039563,R001,2026-07-08,0.09333333333333334,0.23380738462173262,test
