entry_stop_id,service_date,time_period,tap_ins,predicted,split
S0001,2026-07-08,am_peak,16.0,17.6694408742026,test
S0001,2026-07-09,am_peak,29.0,16.789971905362027,test
S0001,2026-07-10,am_peak,15.0,17.569607529488543,test
S0001,2026-07-11,am_peak,8.0,7.8898173164864955,test
S0001,2026-07-12,am_peak,5.0,3.3476931521075537,test
S0001,2026-07-13,am_peak,10.0,19.89778293564985,test
S0001,2026-07-14,am_peak,18.0,18.528505764955845,test
S0001,2026-07-15,am_peak,19.0,16.830007760856976,test
S0001,2026-07-16,am_peak,18.0,17.181845617587022,test
S0001,2026-07-17,am_peak,13.0,18.12862946879786,test
S0001,2026-07-18,am_peak,4.0,6.236188097921611,test
S0001,2026-07-19,am_peak,6.0,4.439275053650052,test
S0001,2026-07-20,am_peak,27.0,17.464887560754896,test
S0001,2026-07-21,am_peak,23.0,19.005511716474434,test
S0001,2026-07-22,am_peak,23.0,19.175499478894004,test
S0001,2026-07-23,am_peak,20.0,21.753775538154237,test
S0001,2026-07-24,am_peak,16.0,20.21012985518017,test
S0001,2026-07-25,am_peak,7.0,6.339426029025069,test
S0001,2026-07-26,am_peak,7.0,4.150007395382395,test
S0001,2026-07-27,am_peak,15.0,19.79362266216186,test
